{"c2dictionary":true,"data":{"Level1_ID0_X":16,"Level1_ID0_Y":-56,"Level1_ID0_Width":8,"Level1_ID0_Height":292,"Level1_ID0_Angle":0,"Level1_ObjCount":38,"Level1_ID1_X":624.0000000000001,"Level1_ID1_Y":-56,"Level1_ID1_Width":8,"Level1_ID1_Height":532,"Level1_ID1_Angle":0,"Level1_ID2_X":208,"Level1_ID2_Y":-384,"Level1_ID2_Width":8,"Level1_ID2_Height":504,"Level1_ID2_Angle":0,"Level1_ID3_X":439.9999999999999,"Level1_ID3_Y":-568,"Level1_ID3_Width":8,"Level1_ID3_Height":260,"Level1_ID3_Angle":0,"Level1_ID4_X":272,"Level1_ID4_Y":-56,"Level1_ID4_Width":8,"Level1_ID4_Height":24,"Level1_ID4_Angle":0,"Level1_ID5_X":447.9999999999999,"Level1_ID5_Y":-304,"Level1_ID5_Width":8,"Level1_ID5_Height":16,"Level1_ID5_Angle":0,"Level1_ID6_X":472,"Level1_ID6_Y":-384,"Level1_ID6_Width":8,"Level1_ID6_Height":16,"Level1_ID6_Angle":0,"Level1_ID7_X":424.0000000000001,"Level1_ID7_Y":-464,"Level1_ID7_Width":8,"Level1_ID7_Height":16,"Level1_ID7_Angle":0,"Level1_ID8_X":328,"Level1_ID8_Y":-864,"Level1_ID8_Width":8,"Level1_ID8_Height":24,"Level1_ID8_Angle":0,"Level1_ID9_X":488,"Level1_ID9_Y":-1.1368683772161603e-13,"Level1_ID9_Width":8,"Level1_ID9_Height":80,"Level1_ID9_Angle":0,"Level1_ID10_X":408,"Level1_ID10_Y":-88.00000000000011,"Level1_ID10_Width":8,"Level1_ID10_Height":72,"Level1_ID10_Angle":0,"Level1_ID11_X":24,"Level1_ID11_Y":-80,"Level1_ID11_Width":312,"Level1_ID11_Height":8,"Level1_ID11_Angle":0,"Level1_ID12_X":368,"Level1_ID12_Y":-80,"Level1_ID12_Width":56,"Level1_ID12_Height":8,"Level1_ID12_Angle":0,"Level1_ID13_X":472,"Level1_ID13_Y":-80,"Level1_ID13_Width":56,"Level1_ID13_Height":8,"Level1_ID13_Angle":0,"Level1_ID14_X":72,"Level1_ID14_Y":-159.9999999999999,"Level1_ID14_Width":552,"Level1_ID14_Height":8,"Level1_ID14_Angle":0,"Level1_ID15_X":24,"Level1_ID15_Y":-159.9999999999999,"Level1_ID15_Width":16,"Level1_ID15_Height":8,"Level1_ID15_Angle":0,"Level1_ID16_X":24.000000000000114,"Level1_ID16_Y":-240,"Level1_ID16_Width":80,"Level1_ID16_Height":8,"Level1_ID16_Angle":0,"Level1_ID17_X":168,"Level1_ID17_Y":-240,"Level1_ID17_Width":40,"Level1_ID17_Height":8,"Level1_ID17_Angle":0,"Level1_ID18_X":240,"Level1_ID18_Y":-240,"Level1_ID18_Width":24,"Level1_ID18_Height":8,"Level1_ID18_Angle":0,"Level1_ID19_X":360,"Level1_ID19_Y":-240,"Level1_ID19_Width":24,"Level1_ID19_Height":8,"Level1_ID19_Angle":0,"Level1_ID20_X":416.0000000000002,"Level1_ID20_Y":-240,"Level1_ID20_Width":208,"Level1_ID20_Height":8,"Level1_ID20_Angle":0,"Level1_ID21_X":24,"Level1_ID21_Y":-320,"Level1_ID21_Width":560,"Level1_ID21_Height":8,"Level1_ID21_Angle":0,"Level1_ID22_X":616.0000000000001,"Level1_ID22_Y":-320,"Level1_ID22_Width":8,"Level1_ID22_Height":8,"Level1_ID22_Angle":0,"Level1_ID23_X":360,"Level1_ID23_Y":-400,"Level1_ID23_Width":264,"Level1_ID23_Height":8,"Level1_ID23_Angle":0,"Level1_ID24_X":216,"Level1_ID24_Y":-400,"Level1_ID24_Width":112,"Level1_ID24_Height":8,"Level1_ID24_Angle":0,"Level1_ID25_X":216,"Level1_ID25_Y":-480,"Level1_ID25_Width":368,"Level1_ID25_Height":8,"Level1_ID25_Angle":0,"Level1_ID26_X":616.0000000000001,"Level1_ID26_Y":-480,"Level1_ID26_Width":8,"Level1_ID26_Height":8,"Level1_ID26_Angle":0,"Level1_ID27_X":216,"Level1_ID27_Y":-560,"Level1_ID27_Width":16,"Level1_ID27_Height":8,"Level1_ID27_Angle":0,"Level1_ID28_X":263.9999999999998,"Level1_ID28_Y":-560,"Level1_ID28_Width":360,"Level1_ID28_Height":8,"Level1_ID28_Angle":0,"Level1_ID29_X":424,"Level1_ID29_Y":-640,"Level1_ID29_Width":16,"Level1_ID29_Height":8,"Level1_ID29_Angle":0,"Level1_ID30_X":216,"Level1_ID30_Y":-720,"Level1_ID30_Width":8,"Level1_ID30_Height":8,"Level1_ID30_Angle":0,"Level1_ID31_X":216,"Level1_ID31_Y":-800,"Level1_ID31_Width":8,"Level1_ID31_Height":8,"Level1_ID31_Angle":0,"Level1_ID32_X":256,"Level1_ID32_Y":-720,"Level1_ID32_Width":184,"Level1_ID32_Height":8,"Level1_ID32_Angle":0,"Level1_ID33_X":256,"Level1_ID33_Y":-800,"Level1_ID33_Width":184,"Level1_ID33_Height":8,"Level1_ID33_Angle":0,"Level1_ID34_X":216,"Level1_ID34_Y":-640,"Level1_ID34_Width":176,"Level1_ID34_Height":8,"Level1_ID34_Angle":0,"Level1_ID35_X":200,"Level1_ID35_Y":-880,"Level1_ID35_Width":88,"Level1_ID35_Height":8,"Level1_ID35_Angle":333.48736568933555,"Level1_ID36_X":264,"Level1_ID36_Y":-920,"Level1_ID36_Width":88,"Level1_ID36_Height":8,"Level1_ID36_Angle":26.378499640649192,"Level1_ID37_X":560,"Level1_ID37_Y":-80,"Level1_ID37_Width":64,"Level1_ID37_Height":8,"Level1_ID37_Angle":0}}