{"c2dictionary":true,"data":{"Level1_ID0_X":15.999999999999886,"Level1_ID0_Y":-56,"Level1_ID0_Width":8,"Level1_ID0_Height":192,"Level1_ID0_Angle":0,"Level1_ObjCount":32,"Level1_ID1_X":24,"Level1_ID1_Y":-248,"Level1_ID1_Width":8,"Level1_ID1_Height":392,"Level1_ID1_Angle":90.00000250447819,"Level1_ID2_X":24.000000000000227,"Level1_ID2_Y":-87.99999999999989,"Level1_ID2_Width":8,"Level1_ID2_Height":240,"Level1_ID2_Angle":90.00000250447819,"Level1_ID3_X":24,"Level1_ID3_Y":-168,"Level1_ID3_Width":8,"Level1_ID3_Height":8,"Level1_ID3_Angle":90.00000250447819,"Level1_ID4_X":64,"Level1_ID4_Y":-168,"Level1_ID4_Width":8,"Level1_ID4_Height":600,"Level1_ID4_Angle":90.00000250447819,"Level1_ID5_X":295.9999999999998,"Level1_ID5_Y":-88,"Level1_ID5_Width":8,"Level1_ID5_Height":224,"Level1_ID5_Angle":90.00000250447819,"Level1_ID6_X":551.9999999999998,"Level1_ID6_Y":-87.99999999999989,"Level1_ID6_Width":8,"Level1_ID6_Height":328,"Level1_ID6_Angle":90.00000250447819,"Level1_ID7_X":695.9999999999998,"Level1_ID7_Y":-168,"Level1_ID7_Width":8,"Level1_ID7_Height":184,"Level1_ID7_Angle":90.00000250447819,"Level1_ID8_X":448,"Level1_ID8_Y":-248,"Level1_ID8_Width":8,"Level1_ID8_Height":392,"Level1_ID8_Angle":90.00000250447819,"Level1_ID9_X":872,"Level1_ID9_Y":-248,"Level1_ID9_Width":8,"Level1_ID9_Height":8,"Level1_ID9_Angle":90.00000250447819,"Level1_ID10_X":608,"Level1_ID10_Y":-328,"Level1_ID10_Width":8,"Level1_ID10_Height":16,"Level1_ID10_Angle":90.00000250447819,"Level1_ID11_X":407.9999999999998,"Level1_ID11_Y":-328,"Level1_ID11_Width":8,"Level1_ID11_Height":168,"Level1_ID11_Angle":90.00000250447819,"Level1_ID12_X":440,"Level1_ID12_Y":-408,"Level1_ID12_Width":8,"Level1_ID12_Height":408,"Level1_ID12_Angle":90.00000250447819,"Level1_ID13_X":655.9999999999998,"Level1_ID13_Y":-328,"Level1_ID13_Width":8,"Level1_ID13_Height":224,"Level1_ID13_Angle":90.00000250447819,"Level1_ID14_X":407.9999999999998,"Level1_ID14_Y":-488.00000000000006,"Level1_ID14_Width":8,"Level1_ID14_Height":216,"Level1_ID14_Angle":90.00000250447819,"Level1_ID15_X":408,"Level1_ID15_Y":-568,"Level1_ID15_Width":8,"Level1_ID15_Height":472,"Level1_ID15_Angle":90.00000250447819,"Level1_ID16_X":655.9999999999998,"Level1_ID16_Y":-488,"Level1_ID16_Width":8,"Level1_ID16_Height":144,"Level1_ID16_Angle":90.00000250447819,"Level1_ID17_X":832,"Level1_ID17_Y":-488.00000000000006,"Level1_ID17_Width":8,"Level1_ID17_Height":48,"Level1_ID17_Angle":90.00000250447819,"Level1_ID18_X":400,"Level1_ID18_Y":-248,"Level1_ID18_Width":8,"Level1_ID18_Height":320,"Level1_ID18_Angle":0,"Level1_ID19_X":880,"Level1_ID19_Y":-56,"Level1_ID19_Width":8,"Level1_ID19_Height":512,"Level1_ID19_Angle":0,"Level1_ID20_X":160,"Level1_ID20_Y":-144,"Level1_ID20_Width":8,"Level1_ID20_Height":16,"Level1_ID20_Angle":0,"Level1_ID21_X":128,"Level1_ID21_Y":-224,"Level1_ID21_Width":8,"Level1_ID21_Height":16,"Level1_ID21_Angle":0,"Level1_ID22_X":376,"Level1_ID22_Y":-56,"Level1_ID22_Width":8,"Level1_ID22_Height":104,"Level1_ID22_Angle":0,"Level1_ID23_X":376,"Level1_ID23_Y":-224,"Level1_ID23_Width":8,"Level1_ID23_Height":16,"Level1_ID23_Angle":0,"Level1_ID24_X":496,"Level1_ID24_Y":-144,"Level1_ID24_Width":8,"Level1_ID24_Height":96,"Level1_ID24_Angle":0,"Level1_ID25_X":608,"Level1_ID25_Y":-224,"Level1_ID25_Width":8,"Level1_ID25_Height":176,"Level1_ID25_Angle":0,"Level1_ID26_X":696,"Level1_ID26_Y":-304,"Level1_ID26_Width":8,"Level1_ID26_Height":16,"Level1_ID26_Angle":0,"Level1_ID27_X":792,"Level1_ID27_Y":-384,"Level1_ID27_Width":8,"Level1_ID27_Height":96,"Level1_ID27_Angle":0,"Level1_ID28_X":744,"Level1_ID28_Y":-544,"Level1_ID28_Width":8,"Level1_ID28_Height":16,"Level1_ID28_Angle":0,"Level1_ID29_X":544,"Level1_ID29_Y":-544,"Level1_ID29_Width":8,"Level1_ID29_Height":16,"Level1_ID29_Angle":0,"Level1_ID30_X":728,"Level1_ID30_Y":-144,"Level1_ID30_Width":8,"Level1_ID30_Height":16,"Level1_ID30_Angle":0,"Level1_ID31_X":496,"Level1_ID31_Y":-1.1368683772161603e-13,"Level1_ID31_Width":8,"Level1_ID31_Height":80,"Level1_ID31_Angle":0,"Level1_ID32_X":592,"Level1_ID32_Y":-151.9999999999999,"Level1_ID32_Width":8,"Level1_ID32_Height":88,"Level1_ID32_Angle":269.9999974955218,"Level1_ID33_X":704,"Level1_ID33_Y":-152.0000000000001,"Level1_ID33_Width":8,"Level1_ID33_Height":80,"Level1_ID33_Angle":269.9999974955218,"Level1_ID34_X":16,"Level1_ID34_Y":-640,"Level1_ID34_Width":8,"Level1_ID34_Height":24,"Level1_ID34_Angle":0,"Level1_ID35_X":192,"Level1_ID35_Y":-320,"Level1_ID35_Width":8,"Level1_ID35_Height":208,"Level1_ID35_Angle":90.00000250447819,"Level1_ID36_X":360,"Level1_ID36_Y":-728,"Level1_ID36_Width":8,"Level1_ID36_Height":8,"Level1_ID36_Angle":0,"Level1_ID37_X":404.52734375,"Level1_ID37_Y":-714.66650390625,"Level1_ID37_Width":8,"Level1_ID37_Height":15.36418914794922,"Level1_ID37_Angle":116.44457568761077,"Level1_ID38_X":408,"Level1_ID38_Y":-744,"Level1_ID38_Width":8,"Level1_ID38_Height":24,"Level1_ID38_Angle":0,"Level1_ID39_X":336,"Level1_ID39_Y":-744,"Level1_ID39_Width":8,"Level1_ID39_Height":88,"Level1_ID39_Angle":0}}