{"c2dictionary":true,"data":{"Level1_ID0_X":167.99999999999994,"Level1_ID0_Y":-72.00000000000011,"Level1_ID0_Width":8,"Level1_ID0_Height":144,"Level1_ID0_Angle":269.9999974955218,"Level1_ObjCount":11,"Level1_ID1_X":16,"Level1_ID1_Y":-55.999999999999886,"Level1_ID1_Width":8,"Level1_ID1_Height":48,"Level1_ID1_Angle":0,"Level1_ID2_X":400,"Level1_ID2_Y":-56,"Level1_ID2_Width":8,"Level1_ID2_Height":80,"Level1_ID2_Angle":0,"Level1_ID3_X":24,"Level1_ID3_Y":-80.00000000000011,"Level1_ID3_Width":8,"Level1_ID3_Height":144,"Level1_ID3_Angle":90.00000250447819,"Level1_ID4_X":207.99999999999994,"Level1_ID4_Y":4,"Level1_ID4_Width":8,"Level1_ID4_Height":80,"Level1_ID4_Angle":0,"Level1_ID5_X":200.00000000000006,"Level1_ID5_Y":-80.00000000000023,"Level1_ID5_Width":8,"Level1_ID5_Height":28,"Level1_ID5_Angle":90.00000250447819,"Level1_ID6_X":202.1129150390625,"Level1_ID6_Y":-151.0528564453125,"Level1_ID6_Width":8,"Level1_ID6_Height":100,"Level1_ID6_Angle":63.42574451957455,"Level1_ID7_X":412,"Level1_ID7_Y":-127.99999999999977,"Level1_ID7_Width":8,"Level1_ID7_Height":136,"Level1_ID7_Angle":295.9747970977301,"Level1_ID8_X":264.0000000000001,"Level1_ID8_Y":-80,"Level1_ID8_Width":8,"Level1_ID8_Height":136,"Level1_ID8_Angle":90.00000250447819,"Level1_ID9_X":400,"Level1_ID9_Y":-56,"Level1_ID9_Width":8,"Level1_ID9_Height":80,"Level1_ID9_Angle":0,"Level1_ID10_X":207.99999999999994,"Level1_ID10_Y":-136,"Level1_ID10_Width":8,"Level1_ID10_Height":16,"Level1_ID10_Angle":0,"Level1_ID11_X":328,"Level1_ID11_Y":-80.00000000000011,"Level1_ID11_Width":8,"Level1_ID11_Height":72,"Level1_ID11_Angle":90.00000250447819,"Level1_ID12_X":132,"Level1_ID12_Y":-136,"Level1_ID12_Width":8,"Level1_ID12_Height":20,"Level1_ID12_Angle":0,"Level1_ID13_X":280,"Level1_ID13_Y":-136,"Level1_ID13_Width":8,"Level1_ID13_Height":20,"Level1_ID13_Angle":0,"Level1_ID14_X":144,"Level1_ID14_Y":-224,"Level1_ID14_Width":8,"Level1_ID14_Height":120,"Level1_ID14_Angle":0,"Level1_ID15_X":312,"Level1_ID15_Y":-224,"Level1_ID15_Width":8,"Level1_ID15_Height":120,"Level1_ID15_Angle":0,"Level1_ID16_X":9.247070312499886,"Level1_ID16_Y":-153.9161376953125,"Level1_ID16_Width":8,"Level1_ID16_Height":190.4415130615234,"Level1_ID16_Angle":44.57280024041147,"Level1_ID17_X":137.71112060546875,"Level1_ID17_Y":-337.27374267578125,"Level1_ID17_Width":8,"Level1_ID17_Height":134.7904815673828,"Level1_ID17_Angle":44.57280024041147,"Level1_ID18_X":231.28808593749977,"Level1_ID18_Y":-432.58514404296875,"Level1_ID18_Width":8,"Level1_ID18_Height":134.7904815673828,"Level1_ID18_Angle":134.4038477704856,"Level1_ID19_X":316.5594482421882,"Level1_ID19_Y":-290.7738037109375,"Level1_ID19_Width":8,"Level1_ID19_Height":194.5191345214844,"Level1_ID19_Angle":134.4038477704856}}