{"c2dictionary":true,"data":{"Level1_ID0_X":207.99999999999994,"Level1_ID0_Y":-176,"Level1_ID0_Width":8,"Level1_ID0_Height":128,"Level1_ID0_Angle":269.9999974955218,"Level1_ObjCount":8,"Level1_ID1_X":16,"Level1_ID1_Y":-56,"Level1_ID1_Width":8,"Level1_ID1_Height":92,"Level1_ID1_Angle":0,"Level1_ID2_X":8,"Level1_ID2_Y":-148,"Level1_ID2_Width":8,"Level1_ID2_Height":80,"Level1_ID2_Angle":62.346731725063435,"Level1_ID3_X":264,"Level1_ID3_Y":-56,"Level1_ID3_Width":8,"Level1_ID3_Height":92,"Level1_ID3_Angle":0,"Level1_ID4_X":280,"Level1_ID4_Y":-144,"Level1_ID4_Width":8,"Level1_ID4_Height":80,"Level1_ID4_Angle":295.9747970977301,"Level1_ID5_X":24,"Level1_ID5_Y":-80,"Level1_ID5_Width":8,"Level1_ID5_Height":76,"Level1_ID5_Angle":90.00000250447819,"Level1_ID6_X":132,"Level1_ID6_Y":-1.1368683772161603e-13,"Level1_ID6_Width":8,"Level1_ID6_Height":80,"Level1_ID6_Angle":0,"Level1_ID7_X":172,"Level1_ID7_Y":-80,"Level1_ID7_Width":8,"Level1_ID7_Height":92,"Level1_ID7_Angle":90.00000250447819,"Level1_ID8_X":72,"Level1_ID8_Y":-140.0000000000001,"Level1_ID8_Width":8,"Level1_ID8_Height":16,"Level1_ID8_Angle":0,"Level1_ID9_X":288,"Level1_ID9_Y":-140.0000000000001,"Level1_ID9_Width":8,"Level1_ID9_Height":16,"Level1_ID9_Angle":0}}