{"c2dictionary":true,"data":{"Level1_ID0_X":16,"Level1_ID0_Y":-56,"Level1_ID0_Width":8,"Level1_ID0_Height":176,"Level1_ID0_Angle":0,"Level1_ObjCount":14,"Level1_ID1_X":24,"Level1_ID1_Y":-160,"Level1_ID1_Width":8,"Level1_ID1_Height":128,"Level1_ID1_Angle":90.00000250447819,"Level1_ID2_X":360,"Level1_ID2_Y":-56,"Level1_ID2_Width":8,"Level1_ID2_Height":176,"Level1_ID2_Angle":0,"Level1_ID3_X":184,"Level1_ID3_Y":-159.9999999999999,"Level1_ID3_Width":8,"Level1_ID3_Height":136,"Level1_ID3_Angle":90.00000250447819,"Level1_ID4_X":24,"Level1_ID4_Y":-80,"Level1_ID4_Width":8,"Level1_ID4_Height":64,"Level1_ID4_Angle":90.00000250447819,"Level1_ID5_X":120,"Level1_ID5_Y":-80,"Level1_ID5_Width":8,"Level1_ID5_Height":96,"Level1_ID5_Angle":90.00000250447819,"Level1_ID6_X":248,"Level1_ID6_Y":-79.99999999999989,"Level1_ID6_Width":8,"Level1_ID6_Height":112,"Level1_ID6_Angle":90.00000250447819,"Level1_ID7_X":352,"Level1_ID7_Y":-159.9999999999999,"Level1_ID7_Width":8,"Level1_ID7_Height":8,"Level1_ID7_Angle":90.00000250447819,"Level1_ID8_X":8.870300292968977,"Level1_ID8_Y":-233.5665283203125,"Level1_ID8_Width":8,"Level1_ID8_Height":187.6527099609375,"Level1_ID8_Angle":75.63680452904751,"Level1_ID9_X":264,"Level1_ID9_Y":-55.999999999999886,"Level1_ID9_Width":8,"Level1_ID9_Height":16,"Level1_ID9_Angle":0,"Level1_ID10_X":192,"Level1_ID10_Y":-56,"Level1_ID10_Width":8,"Level1_ID10_Height":96,"Level1_ID10_Angle":0,"Level1_ID11_X":128.0000000000001,"Level1_ID11_Y":0,"Level1_ID11_Width":8,"Level1_ID11_Height":72,"Level1_ID11_Angle":0,"Level1_ID12_X":72,"Level1_ID12_Y":-136,"Level1_ID12_Width":8,"Level1_ID12_Height":16,"Level1_ID12_Angle":0,"Level1_ID13_X":191.30651855468795,"Level1_ID13_Y":-279.5872802734375,"Level1_ID13_Width":8,"Level1_ID13_Height":189.7883911132813,"Level1_ID13_Angle":103.75261571905553,"Level1_ID14_X":183.29162597656295,"Level1_ID14_Y":-288.7115478515626,"Level1_ID14_Width":8,"Level1_ID14_Height":123.8756256103516,"Level1_ID14_Angle":104.66012246350763,"Level1_ID15_X":289.5052490234382,"Level1_ID15_Y":-248.19384765625,"Level1_ID15_Width":8,"Level1_ID15_Height":71.85248565673828,"Level1_ID15_Angle":104.66012246350763}}