{"c2dictionary":true,"data":{"Level1_ID0_X":104.00000000000006,"Level1_ID0_Y":-240.00006103515625,"Level1_ID0_Width":8,"Level1_ID0_Height":132,"Level1_ID0_Angle":135.00467219101495,"Level1_ObjCount":22,"Level1_ID1_X":16,"Level1_ID1_Y":-56,"Level1_ID1_Width":8,"Level1_ID1_Height":92,"Level1_ID1_Angle":0,"Level1_ID2_X":8,"Level1_ID2_Y":-144,"Level1_ID2_Width":8,"Level1_ID2_Height":136,"Level1_ID2_Angle":45.00000125223908,"Level1_ID3_X":23.999999999999943,"Level1_ID3_Y":-80.00000000000011,"Level1_ID3_Width":8,"Level1_ID3_Height":108,"Level1_ID3_Angle":90.00000250447819,"Level1_ID4_X":220,"Level1_ID4_Y":0,"Level1_ID4_Width":8,"Level1_ID4_Height":72,"Level1_ID4_Angle":0,"Level1_ID5_X":163,"Level1_ID5_Y":-79.99999999999989,"Level1_ID5_Width":8,"Level1_ID5_Height":416,"Level1_ID5_Angle":90.00000250447819,"Level1_ID6_X":612,"Level1_ID6_Y":-80.00000000000011,"Level1_ID6_Width":8,"Level1_ID6_Height":356,"Level1_ID6_Angle":90.00000250447819,"Level1_ID7_X":1000,"Level1_ID7_Y":-80.00000000000011,"Level1_ID7_Width":8,"Level1_ID7_Height":72,"Level1_ID7_Angle":90.00000250447819,"Level1_ID8_X":184.00000000000006,"Level1_ID8_Y":-136,"Level1_ID8_Width":8,"Level1_ID8_Height":16,"Level1_ID8_Angle":0,"Level1_ID9_X":404,"Level1_ID9_Y":-55.999999999999886,"Level1_ID9_Width":8,"Level1_ID9_Height":16,"Level1_ID9_Angle":0,"Level1_ID10_X":460,"Level1_ID10_Y":-136,"Level1_ID10_Width":8,"Level1_ID10_Height":88,"Level1_ID10_Angle":0,"Level1_ID11_X":628.0000000000001,"Level1_ID11_Y":-136,"Level1_ID11_Width":8,"Level1_ID11_Height":88,"Level1_ID11_Angle":0,"Level1_ID12_X":756,"Level1_ID12_Y":0,"Level1_ID12_Width":8,"Level1_ID12_Height":72,"Level1_ID12_Angle":0,"Level1_ID13_X":904,"Level1_ID13_Y":-55.999999999999886,"Level1_ID13_Width":8,"Level1_ID13_Height":16,"Level1_ID13_Angle":0,"Level1_ID14_X":1072,"Level1_ID14_Y":-56,"Level1_ID14_Width":8,"Level1_ID14_Height":96,"Level1_ID14_Angle":0,"Level1_ID15_X":904,"Level1_ID15_Y":-136,"Level1_ID15_Width":8,"Level1_ID15_Height":16,"Level1_ID15_Angle":0,"Level1_ID16_X":547.9999999999998,"Level1_ID16_Y":-312,"Level1_ID16_Width":8,"Level1_ID16_Height":132,"Level1_ID16_Angle":135.00467219101495,"Level1_ID17_X":452,"Level1_ID17_Y":-216,"Level1_ID17_Width":8,"Level1_ID17_Height":136,"Level1_ID17_Angle":45.00000125223908,"Level1_ID18_X":992,"Level1_ID18_Y":-240,"Level1_ID18_Width":8,"Level1_ID18_Height":132,"Level1_ID18_Angle":135.00467219101495,"Level1_ID19_X":896,"Level1_ID19_Y":-144,"Level1_ID19_Width":8,"Level1_ID19_Height":136,"Level1_ID19_Angle":45.00000125223908,"Level1_ID20_X":528,"Level1_ID20_Y":-160,"Level1_ID20_Width":8,"Level1_ID20_Height":100,"Level1_ID20_Angle":90.00000250447819,"Level1_ID21_X":468,"Level1_ID21_Y":-160.0000000000001,"Level1_ID21_Width":8,"Level1_ID21_Height":28,"Level1_ID21_Angle":90.00000250447819,"Level1_ID22_X":152,"Level1_ID22_Y":-416,"Level1_ID22_Width":8,"Level1_ID22_Height":160,"Level1_ID22_Angle":90.00000250447819,"Level1_ID23_X":424.31823730468795,"Level1_ID23_Y":-376.06646728515625,"Level1_ID23_Width":8,"Level1_ID23_Height":89.92703247070312,"Level1_ID23_Angle":135.00000034162267}}