{"c2dictionary":true,"data":{"Level1_ID0_X":715.9999999999999,"Level1_ID0_Y":-280,"Level1_ID0_Width":8,"Level1_ID0_Height":260,"Level1_ID0_Angle":269.9999974955218,"Level1_ObjCount":19,"Level1_ID1_X":392,"Level1_ID1_Y":-136,"Level1_ID1_Width":8,"Level1_ID1_Height":116,"Level1_ID1_Angle":0,"Level1_ID2_X":384,"Level1_ID2_Y":-252,"Level1_ID2_Width":8,"Level1_ID2_Height":80,"Level1_ID2_Angle":62.346731725063435,"Level1_ID3_X":768,"Level1_ID3_Y":-56,"Level1_ID3_Width":8,"Level1_ID3_Height":196,"Level1_ID3_Angle":0,"Level1_ID4_X":783.9999999999998,"Level1_ID4_Y":-244,"Level1_ID4_Width":8,"Level1_ID4_Height":80,"Level1_ID4_Angle":295.9747970977301,"Level1_ID5_X":220,"Level1_ID5_Y":-80.00000000000011,"Level1_ID5_Width":8,"Level1_ID5_Height":360,"Level1_ID5_Angle":90.00000250447819,"Level1_ID6_X":632,"Level1_ID6_Y":-56,"Level1_ID6_Width":8,"Level1_ID6_Height":96,"Level1_ID6_Angle":0,"Level1_ID7_X":612.0000000000002,"Level1_ID7_Y":-80,"Level1_ID7_Width":8,"Level1_ID7_Height":156,"Level1_ID7_Angle":90.00000250447819,"Level1_ID8_X":528,"Level1_ID8_Y":-159.99999999999977,"Level1_ID8_Width":8,"Level1_ID8_Height":164,"Level1_ID8_Angle":90.00000250447819,"Level1_ID9_X":400,"Level1_ID9_Y":-160,"Level1_ID9_Width":8,"Level1_ID9_Height":96,"Level1_ID9_Angle":90.00000250447819,"Level1_ID10_X":724,"Level1_ID10_Y":-160,"Level1_ID10_Width":8,"Level1_ID10_Height":44,"Level1_ID10_Angle":90.00000250447819,"Level1_ID11_X":340,"Level1_ID11_Y":-200,"Level1_ID11_Width":8,"Level1_ID11_Height":260,"Level1_ID11_Angle":269.9999974955218,"Level1_ID12_X":8,"Level1_ID12_Y":-172,"Level1_ID12_Width":8,"Level1_ID12_Height":80,"Level1_ID12_Angle":62.346731725063435,"Level1_ID13_X":393.61627197265625,"Level1_ID13_Y":-171.00762939453136,"Level1_ID13_Width":8,"Level1_ID13_Height":64,"Level1_ID13_Angle":295.9747970977301,"Level1_ID14_X":24,"Level1_ID14_Y":-80,"Level1_ID14_Width":8,"Level1_ID14_Height":164,"Level1_ID14_Angle":90.00000250447819,"Level1_ID15_X":392,"Level1_ID15_Y":-56,"Level1_ID15_Width":8,"Level1_ID15_Height":24,"Level1_ID15_Angle":0,"Level1_ID16_X":308,"Level1_ID16_Y":0,"Level1_ID16_Width":8,"Level1_ID16_Height":72,"Level1_ID16_Angle":0,"Level1_ID17_X":16.00000000000003,"Level1_ID17_Y":-55.999999999999886,"Level1_ID17_Width":8,"Level1_ID17_Height":116,"Level1_ID17_Angle":0,"Level1_ID18_X":240.00000000000006,"Level1_ID18_Y":-56,"Level1_ID18_Width":8,"Level1_ID18_Height":24,"Level1_ID18_Angle":0,"Level1_ID19_X":24,"Level1_ID19_Y":-328,"Level1_ID19_Width":8,"Level1_ID19_Height":160,"Level1_ID19_Angle":90.00000250447819,"Level1_ID20_X":279.9999999999998,"Level1_ID20_Y":-328,"Level1_ID20_Width":8,"Level1_ID20_Height":160,"Level1_ID20_Angle":90.00000250447819,"Level1_ID21_X":216,"Level1_ID21_Y":-328,"Level1_ID21_Width":8,"Level1_ID21_Height":32,"Level1_ID21_Angle":90.00000250447819,"Level1_ID22_X":152,"Level1_ID22_Y":-416,"Level1_ID22_Width":8,"Level1_ID22_Height":160,"Level1_ID22_Angle":90.00000250447819,"Level1_ID23_X":424.31823730468795,"Level1_ID23_Y":-376.06646728515625,"Level1_ID23_Width":8,"Level1_ID23_Height":89.92703247070312,"Level1_ID23_Angle":135.00000034162267}}