{"c2dictionary":true,"data":{"Level1_ID0_X":24,"Level1_ID0_Y":-79.99999999999989,"Level1_ID0_Width":8,"Level1_ID0_Height":424,"Level1_ID0_Angle":90.00000250447819,"Level1_ObjCount":14,"Level1_ID1_X":16.000000000000114,"Level1_ID1_Y":-56.000000000000114,"Level1_ID1_Width":8,"Level1_ID1_Height":184,"Level1_ID1_Angle":0,"Level1_ID2_X":576,"Level1_ID2_Y":-56,"Level1_ID2_Width":8,"Level1_ID2_Height":96,"Level1_ID2_Angle":0,"Level1_ID3_X":480,"Level1_ID3_Y":-80,"Level1_ID3_Width":8,"Level1_ID3_Height":96,"Level1_ID3_Angle":90.00000250447819,"Level1_ID4_X":488,"Level1_ID4_Y":0,"Level1_ID4_Width":8,"Level1_ID4_Height":72,"Level1_ID4_Angle":0,"Level1_ID5_X":224.0000000000001,"Level1_ID5_Y":-55.999999999999886,"Level1_ID5_Width":8,"Level1_ID5_Height":16,"Level1_ID5_Angle":0,"Level1_ID6_X":296,"Level1_ID6_Y":-136.0000000000001,"Level1_ID6_Width":8,"Level1_ID6_Height":24,"Level1_ID6_Angle":0,"Level1_ID7_X":296,"Level1_ID7_Y":-216,"Level1_ID7_Width":8,"Level1_ID7_Height":24,"Level1_ID7_Angle":0,"Level1_ID8_X":64,"Level1_ID8_Y":-160,"Level1_ID8_Width":8,"Level1_ID8_Height":232,"Level1_ID8_Angle":90.00000250447819,"Level1_ID9_X":23.999999999999886,"Level1_ID9_Y":-159.9999999999999,"Level1_ID9_Width":8,"Level1_ID9_Height":8,"Level1_ID9_Angle":90.00000250447819,"Level1_ID10_X":6.987548828125,"Level1_ID10_Y":-236.55731201171875,"Level1_ID10_Width":8,"Level1_ID10_Height":169.7740936279297,"Level1_ID10_Angle":63.45171972898808,"Level1_ID11_X":160.16522216796875,"Level1_ID11_Y":-312.220947265625,"Level1_ID11_Width":8,"Level1_ID11_Height":170.5038452148438,"Level1_ID11_Angle":116.39750202385103,"Level1_ID12_X":568.189697265625,"Level1_ID12_Y":-159.8078613281251,"Level1_ID12_Width":8,"Level1_ID12_Height":29.11953735351563,"Level1_ID12_Angle":116.39750202385103,"Level1_ID13_X":303.9999999999998,"Level1_ID13_Y":-159,"Level1_ID13_Width":8,"Level1_ID13_Height":264,"Level1_ID13_Angle":90.00000250447819,"Level1_ID14_X":448,"Level1_ID14_Y":-368,"Level1_ID14_Width":8,"Level1_ID14_Height":24,"Level1_ID14_Angle":0,"Level1_ID15_X":7.999999999999886,"Level1_ID15_Y":-368,"Level1_ID15_Width":8,"Level1_ID15_Height":24,"Level1_ID15_Angle":0,"Level1_ID16_X":296,"Level1_ID16_Y":-55.999999999999886,"Level1_ID16_Width":8,"Level1_ID16_Height":16,"Level1_ID16_Angle":0,"Level1_ID17_X":312,"Level1_ID17_Y":-136,"Level1_ID17_Width":8,"Level1_ID17_Height":16,"Level1_ID17_Angle":0,"Level1_ID18_X":160.0000000000001,"Level1_ID18_Y":-136,"Level1_ID18_Width":8,"Level1_ID18_Height":16,"Level1_ID18_Angle":0,"Level1_ID19_X":72,"Level1_ID19_Y":-240,"Level1_ID19_Width":8,"Level1_ID19_Height":56,"Level1_ID19_Angle":0,"Level1_ID20_X":136,"Level1_ID20_Y":-304,"Level1_ID20_Width":8,"Level1_ID20_Height":56,"Level1_ID20_Angle":0,"Level1_ID21_X":320,"Level1_ID21_Y":-304,"Level1_ID21_Width":8,"Level1_ID21_Height":56,"Level1_ID21_Angle":0,"Level1_ID22_X":384,"Level1_ID22_Y":-240,"Level1_ID22_Width":8,"Level1_ID22_Height":56,"Level1_ID22_Angle":0,"Level1_ID23_X":144,"Level1_ID23_Y":-424,"Level1_ID23_Width":8,"Level1_ID23_Height":64,"Level1_ID23_Angle":0,"Level1_ID24_X":312,"Level1_ID24_Y":-424,"Level1_ID24_Width":8,"Level1_ID24_Height":64,"Level1_ID24_Angle":0,"Level1_ID25_X":137.6451416015625,"Level1_ID25_Y":-481.9705810546875,"Level1_ID25_Width":8,"Level1_ID25_Height":133.9613037109375,"Level1_ID25_Angle":44.9508887770121,"Level1_ID26_X":233.29650878906295,"Level1_ID26_Y":-575.3466186523436,"Level1_ID26_Width":8,"Level1_ID26_Height":131.2298278808594,"Level1_ID26_Angle":135.00000034162267}}