{"c2dictionary":true,"data":{"Level1_ID0_X":24,"Level1_ID0_Y":-72,"Level1_ID0_Width":-8,"Level1_ID0_Height":432,"Level1_ID0_Angle":90.00000250447819,"Level1_ObjCount":24,"Level1_ID1_X":40,"Level1_ID1_Y":-151.9999999999999,"Level1_ID1_Width":8,"Level1_ID1_Height":16,"Level1_ID1_Angle":269.9999974955218,"Level1_ID2_X":192,"Level1_ID2_Y":-152,"Level1_ID2_Width":8,"Level1_ID2_Height":120,"Level1_ID2_Angle":269.9999974955218,"Level1_ID3_X":272,"Level1_ID3_Y":-152,"Level1_ID3_Width":8,"Level1_ID3_Height":32,"Level1_ID3_Angle":269.9999974955218,"Level1_ID4_X":360,"Level1_ID4_Y":-152,"Level1_ID4_Width":8,"Level1_ID4_Height":32,"Level1_ID4_Angle":269.9999974955218,"Level1_ID5_X":440,"Level1_ID5_Y":-152,"Level1_ID5_Width":8,"Level1_ID5_Height":32,"Level1_ID5_Angle":269.9999974955218,"Level1_ID6_X":552,"Level1_ID6_Y":-72,"Level1_ID6_Width":8,"Level1_ID6_Height":64,"Level1_ID6_Angle":269.9999974955218,"Level1_ID7_X":808,"Level1_ID7_Y":-71.99999999999989,"Level1_ID7_Width":8,"Level1_ID7_Height":200,"Level1_ID7_Angle":269.9999974955218,"Level1_ID8_X":760,"Level1_ID8_Y":-151.9999999999999,"Level1_ID8_Width":8,"Level1_ID8_Height":264,"Level1_ID8_Angle":269.9999974955218,"Level1_ID9_X":808,"Level1_ID9_Y":-151.9999999999999,"Level1_ID9_Width":8,"Level1_ID9_Height":16,"Level1_ID9_Angle":269.9999974955218,"Level1_ID10_X":16,"Level1_ID10_Y":-56.000000000000114,"Level1_ID10_Width":8,"Level1_ID10_Height":184,"Level1_ID10_Angle":0,"Level1_ID11_X":808,"Level1_ID11_Y":-56.000000000000114,"Level1_ID11_Width":8,"Level1_ID11_Height":184,"Level1_ID11_Angle":0,"Level1_ID12_X":496,"Level1_ID12_Y":0,"Level1_ID12_Width":8,"Level1_ID12_Height":72,"Level1_ID12_Angle":0,"Level1_ID13_X":520,"Level1_ID13_Y":-80.00000000000011,"Level1_ID13_Width":8,"Level1_ID13_Height":72,"Level1_ID13_Angle":0,"Level1_ID14_X":8.222778320312386,"Level1_ID14_Y":-236.39508056640625,"Level1_ID14_Width":8,"Level1_ID14_Height":99.39759826660156,"Level1_ID14_Angle":63.531953961168206,"Level1_ID15_X":169.3220214843749,"Level1_ID15_Y":-236.7548828125,"Level1_ID15_Width":8,"Level1_ID15_Height":99.39759826660156,"Level1_ID15_Angle":63.531953961168206,"Level1_ID16_X":331.55090332031295,"Level1_ID16_Y":-237.65655517578125,"Level1_ID16_Width":8,"Level1_ID16_Height":99.39759826660156,"Level1_ID16_Angle":63.531953961168206,"Level1_ID17_X":489.87170410156295,"Level1_ID17_Y":-237.05499267578125,"Level1_ID17_Width":8,"Level1_ID17_Height":99.39759826660156,"Level1_ID17_Angle":63.531953961168206,"Level1_ID18_X":650.2995605468752,"Level1_ID18_Y":-237.6558837890625,"Level1_ID18_Width":8,"Level1_ID18_Height":99.39759826660156,"Level1_ID18_Angle":63.531953961168206,"Level1_ID19_X":95.01074218750011,"Level1_ID19_Y":-280.32342529296875,"Level1_ID19_Width":8,"Level1_ID19_Height":96.64505004882812,"Level1_ID19_Angle":116.5603883751775,"Level1_ID20_X":254.567138671875,"Level1_ID20_Y":-280.447998046875,"Level1_ID20_Width":8,"Level1_ID20_Height":96.64505004882812,"Level1_ID20_Angle":116.5603883751775,"Level1_ID21_X":413.871337890625,"Level1_ID21_Y":-281.1939697265625,"Level1_ID21_Width":8,"Level1_ID21_Height":96.64505004882812,"Level1_ID21_Angle":116.5603883751775,"Level1_ID22_X":574.1082763671877,"Level1_ID22_Y":-281.0081787109375,"Level1_ID22_Width":8,"Level1_ID22_Height":96.64505004882812,"Level1_ID22_Angle":116.5603883751775,"Level1_ID23_X":738.076416015625,"Level1_ID23_Y":-279.329345703125,"Level1_ID23_Width":8,"Level1_ID23_Height":96.64505004882812,"Level1_ID23_Angle":116.5603883751775,"Level1_ID24_X":312,"Level1_ID24_Y":-424,"Level1_ID24_Width":8,"Level1_ID24_Height":64,"Level1_ID24_Angle":0,"Level1_ID25_X":137.6451416015625,"Level1_ID25_Y":-481.9705810546875,"Level1_ID25_Width":8,"Level1_ID25_Height":133.9613037109375,"Level1_ID25_Angle":44.9508887770121,"Level1_ID26_X":233.29650878906295,"Level1_ID26_Y":-575.3466186523436,"Level1_ID26_Width":8,"Level1_ID26_Height":131.2298278808594,"Level1_ID26_Angle":135.00000034162267}}