{"c2dictionary":true,"data":{"Level1_ID0_X":24,"Level1_ID0_Y":-80,"Level1_ID0_Width":8,"Level1_ID0_Height":224,"Level1_ID0_Angle":90.00000250447819,"Level1_ObjCount":18,"Level1_ID1_X":72,"Level1_ID1_Y":-151.9999999999999,"Level1_ID1_Width":8,"Level1_ID1_Height":264,"Level1_ID1_Angle":90.00000250447819,"Level1_ID2_X":280,"Level1_ID2_Y":-80,"Level1_ID2_Width":8,"Level1_ID2_Height":88,"Level1_ID2_Angle":90.00000250447819,"Level1_ID3_X":407.9999999999998,"Level1_ID3_Y":-79.99999999999989,"Level1_ID3_Width":8,"Level1_ID3_Height":288,"Level1_ID3_Angle":90.00000250447819,"Level1_ID4_X":383.9999999999998,"Level1_ID4_Y":-152,"Level1_ID4_Width":8,"Level1_ID4_Height":272,"Level1_ID4_Angle":90.00000250447819,"Level1_ID5_X":688,"Level1_ID5_Y":-151.9999999999999,"Level1_ID5_Width":8,"Level1_ID5_Height":8,"Level1_ID5_Angle":90.00000250447819,"Level1_ID6_X":24,"Level1_ID6_Y":-151.9999999999999,"Level1_ID6_Width":8,"Level1_ID6_Height":16,"Level1_ID6_Angle":90.00000250447819,"Level1_ID7_X":16,"Level1_ID7_Y":-56,"Level1_ID7_Width":8,"Level1_ID7_Height":160,"Level1_ID7_Angle":0,"Level1_ID8_X":696,"Level1_ID8_Y":-56,"Level1_ID8_Width":8,"Level1_ID8_Height":160,"Level1_ID8_Angle":0,"Level1_ID9_X":423.9999999999998,"Level1_ID9_Y":-224,"Level1_ID9_Width":8,"Level1_ID9_Height":280,"Level1_ID9_Angle":90.00000250447819,"Level1_ID10_X":16.000000000000227,"Level1_ID10_Y":-224,"Level1_ID10_Width":8,"Level1_ID10_Height":280,"Level1_ID10_Angle":90.00000250447819,"Level1_ID11_X":288.0000000000001,"Level1_ID11_Y":-80,"Level1_ID11_Width":8,"Level1_ID11_Height":64,"Level1_ID11_Angle":0,"Level1_ID12_X":356,"Level1_ID12_Y":0,"Level1_ID12_Width":8,"Level1_ID12_Height":72,"Level1_ID12_Angle":0,"Level1_ID13_X":424,"Level1_ID13_Y":-136.0000000000001,"Level1_ID13_Width":8,"Level1_ID13_Height":8,"Level1_ID13_Angle":0,"Level1_ID14_X":424,"Level1_ID14_Y":-208,"Level1_ID14_Width":8,"Level1_ID14_Height":8,"Level1_ID14_Angle":0,"Level1_ID15_X":288.0000000000001,"Level1_ID15_Y":-208,"Level1_ID15_Width":8,"Level1_ID15_Height":8,"Level1_ID15_Angle":0,"Level1_ID16_X":291.9171142578127,"Level1_ID16_Y":-222.44366455078125,"Level1_ID16_Width":8,"Level1_ID16_Height":94.31761932373047,"Level1_ID16_Angle":44.94656526726749,"Level1_ID17_X":360.75891113281295,"Level1_ID17_Y":-289.20623779296875,"Level1_ID17_Width":8,"Level1_ID17_Height":96.38859558105469,"Level1_ID17_Angle":135.14474571051355,"Level1_ID18_X":8.36712646484375,"Level1_ID18_Y":-313.53521728515625,"Level1_ID18_Width":8,"Level1_ID18_Height":89.92703247070312,"Level1_ID18_Angle":45.00000125223908,"Level1_ID19_X":72.2042236328125,"Level1_ID19_Y":-376.6190185546875,"Level1_ID19_Width":8,"Level1_ID19_Height":89.92703247070312,"Level1_ID19_Angle":135.00000034162267,"Level1_ID20_X":184.4796142578125,"Level1_ID20_Y":-393.32611083984375,"Level1_ID20_Width":8,"Level1_ID20_Height":89.92703247070312,"Level1_ID20_Angle":45.00000125223908,"Level1_ID21_X":248.31671142578125,"Level1_ID21_Y":-456.409912109375,"Level1_ID21_Width":8,"Level1_ID21_Height":89.92703247070312,"Level1_ID21_Angle":135.00000034162267,"Level1_ID22_X":360.481201171875,"Level1_ID22_Y":-312.982666015625,"Level1_ID22_Width":8,"Level1_ID22_Height":89.92703247070312,"Level1_ID22_Angle":45.00000125223908,"Level1_ID23_X":424.31823730468795,"Level1_ID23_Y":-376.06646728515625,"Level1_ID23_Width":8,"Level1_ID23_Height":89.92703247070312,"Level1_ID23_Angle":135.00000034162267}}