{"c2dictionary":true,"data":{"Level1_ID0_X":16.000000000000114,"Level1_ID0_Y":-56,"Level1_ID0_Width":8,"Level1_ID0_Height":272,"Level1_ID0_Angle":0,"Level1_ObjCount":23,"Level1_ID1_X":440,"Level1_ID1_Y":-56,"Level1_ID1_Width":8,"Level1_ID1_Height":272,"Level1_ID1_Angle":0,"Level1_ID2_X":152,"Level1_ID2_Y":0,"Level1_ID2_Width":8,"Level1_ID2_Height":72,"Level1_ID2_Angle":0,"Level1_ID3_X":168,"Level1_ID3_Y":-80.00000000000011,"Level1_ID3_Width":8,"Level1_ID3_Height":72,"Level1_ID3_Angle":0,"Level1_ID4_X":152,"Level1_ID4_Y":-160,"Level1_ID4_Width":8,"Level1_ID4_Height":72,"Level1_ID4_Angle":0,"Level1_ID5_X":88,"Level1_ID5_Y":-296,"Level1_ID5_Width":8,"Level1_ID5_Height":24,"Level1_ID5_Angle":0,"Level1_ID6_X":112,"Level1_ID6_Y":-328,"Level1_ID6_Width":8,"Level1_ID6_Height":136,"Level1_ID6_Angle":0,"Level1_ID7_X":228,"Level1_ID7_Y":-240,"Level1_ID7_Width":8,"Level1_ID7_Height":168,"Level1_ID7_Angle":0,"Level1_ID8_X":344,"Level1_ID8_Y":-328,"Level1_ID8_Width":8,"Level1_ID8_Height":136,"Level1_ID8_Angle":0,"Level1_ID9_X":336,"Level1_ID9_Y":-136,"Level1_ID9_Width":8,"Level1_ID9_Height":16,"Level1_ID9_Angle":0,"Level1_ID10_X":240,"Level1_ID10_Y":-55.999999999999886,"Level1_ID10_Width":8,"Level1_ID10_Height":16,"Level1_ID10_Angle":0,"Level1_ID11_X":24,"Level1_ID11_Y":-80.00000000000011,"Level1_ID11_Width":8,"Level1_ID11_Height":72,"Level1_ID11_Angle":90.00000250447819,"Level1_ID12_X":128,"Level1_ID12_Y":-80,"Level1_ID12_Width":8,"Level1_ID12_Height":136,"Level1_ID12_Angle":90.00000250447819,"Level1_ID13_X":295.9999999999998,"Level1_ID13_Y":-80.00000000000011,"Level1_ID13_Width":8,"Level1_ID13_Height":144,"Level1_ID13_Angle":90.00000250447819,"Level1_ID14_X":215.99999999999977,"Level1_ID14_Y":-160,"Level1_ID14_Width":8,"Level1_ID14_Height":224,"Level1_ID14_Angle":90.00000250447819,"Level1_ID15_X":64,"Level1_ID15_Y":-160,"Level1_ID15_Width":8,"Level1_ID15_Height":120,"Level1_ID15_Angle":90.00000250447819,"Level1_ID16_X":24.000000000000114,"Level1_ID16_Y":-159.9999999999999,"Level1_ID16_Width":8,"Level1_ID16_Height":8,"Level1_ID16_Angle":90.00000250447819,"Level1_ID17_X":24,"Level1_ID17_Y":-240,"Level1_ID17_Width":8,"Level1_ID17_Height":80,"Level1_ID17_Angle":90.00000250447819,"Level1_ID18_X":135.99999999999977,"Level1_ID18_Y":-240,"Level1_ID18_Width":8,"Level1_ID18_Height":272,"Level1_ID18_Angle":90.00000250447819,"Level1_ID19_X":24,"Level1_ID19_Y":-328,"Level1_ID19_Width":8,"Level1_ID19_Height":160,"Level1_ID19_Angle":90.00000250447819,"Level1_ID20_X":279.9999999999998,"Level1_ID20_Y":-328,"Level1_ID20_Width":8,"Level1_ID20_Height":160,"Level1_ID20_Angle":90.00000250447819,"Level1_ID21_X":216,"Level1_ID21_Y":-328,"Level1_ID21_Width":8,"Level1_ID21_Height":32,"Level1_ID21_Angle":90.00000250447819,"Level1_ID22_X":152,"Level1_ID22_Y":-416,"Level1_ID22_Width":8,"Level1_ID22_Height":160,"Level1_ID22_Angle":90.00000250447819,"Level1_ID23_X":424.31823730468795,"Level1_ID23_Y":-376.06646728515625,"Level1_ID23_Width":8,"Level1_ID23_Height":89.92703247070312,"Level1_ID23_Angle":135.00000034162267}}