{"c2dictionary":true,"data":{"Level1_ID0_X":159.99999999999994,"Level1_ID0_Y":-72.00000000000011,"Level1_ID0_Width":8,"Level1_ID0_Height":144,"Level1_ID0_Angle":269.9999974955218,"Level1_ObjCount":10,"Level1_ID1_X":296,"Level1_ID1_Y":-72.00000000000011,"Level1_ID1_Width":8,"Level1_ID1_Height":104,"Level1_ID1_Angle":269.9999974955218,"Level1_ID2_X":72,"Level1_ID2_Y":-55.999999999999886,"Level1_ID2_Width":8,"Level1_ID2_Height":16,"Level1_ID2_Angle":0,"Level1_ID3_X":184,"Level1_ID3_Y":-179.9999999999999,"Level1_ID3_Width":8,"Level1_ID3_Height":120,"Level1_ID3_Angle":255.0000004932034,"Level1_ID4_X":184.0000000000001,"Level1_ID4_Y":-188,"Level1_ID4_Width":8,"Level1_ID4_Height":112,"Level1_ID4_Angle":104.99999950679661,"Level1_ID5_X":288,"Level1_ID5_Y":-56,"Level1_ID5_Width":8,"Level1_ID5_Height":104,"Level1_ID5_Angle":0,"Level1_ID6_X":80,"Level1_ID6_Y":-140,"Level1_ID6_Width":8,"Level1_ID6_Height":68,"Level1_ID6_Angle":255.0000004932034,"Level1_ID7_X":16,"Level1_ID7_Y":-80,"Level1_ID7_Width":8,"Level1_ID7_Height":44,"Level1_ID7_Angle":0,"Level1_ID8_X":72,"Level1_ID8_Y":-140.0000000000001,"Level1_ID8_Width":8,"Level1_ID8_Height":16,"Level1_ID8_Angle":0,"Level1_ID9_X":288,"Level1_ID9_Y":-140.0000000000001,"Level1_ID9_Width":8,"Level1_ID9_Height":16,"Level1_ID9_Angle":0}}