{"c2dictionary":true,"data":{"Level1_ID0_X":15.999999999999886,"Level1_ID0_Y":-55.999999999999886,"Level1_ID0_Width":8,"Level1_ID0_Height":216,"Level1_ID0_Angle":0,"Level1_ObjCount":21,"Level1_ID1_X":640,"Level1_ID1_Y":0,"Level1_ID1_Width":8,"Level1_ID1_Height":432,"Level1_ID1_Angle":0,"Level1_ID2_X":208,"Level1_ID2_Y":-304,"Level1_ID2_Width":8,"Level1_ID2_Height":288,"Level1_ID2_Angle":0,"Level1_ID3_X":440,"Level1_ID3_Y":-464,"Level1_ID3_Width":8,"Level1_ID3_Height":128,"Level1_ID3_Angle":0,"Level1_ID4_X":24,"Level1_ID4_Y":-88,"Level1_ID4_Width":8,"Level1_ID4_Height":560,"Level1_ID4_Angle":90.00000250447819,"Level1_ID5_X":72,"Level1_ID5_Y":-168,"Level1_ID5_Width":8,"Level1_ID5_Height":568,"Level1_ID5_Angle":90.00000250447819,"Level1_ID6_X":24,"Level1_ID6_Y":-247.9999999999999,"Level1_ID6_Width":8,"Level1_ID6_Height":576,"Level1_ID6_Angle":90.00000250447819,"Level1_ID7_X":24.000000000000114,"Level1_ID7_Y":-167.9999999999999,"Level1_ID7_Width":8,"Level1_ID7_Height":16,"Level1_ID7_Angle":90.00000250447819,"Level1_ID8_X":616,"Level1_ID8_Y":-87.99999999999989,"Level1_ID8_Width":8,"Level1_ID8_Height":24,"Level1_ID8_Angle":90.00000250447819,"Level1_ID9_X":216,"Level1_ID9_Y":-328,"Level1_ID9_Width":8,"Level1_ID9_Height":112,"Level1_ID9_Angle":90.00000250447819,"Level1_ID10_X":359.9999999999998,"Level1_ID10_Y":-328,"Level1_ID10_Width":8,"Level1_ID10_Height":280,"Level1_ID10_Angle":90.00000250447819,"Level1_ID11_X":248,"Level1_ID11_Y":-408,"Level1_ID11_Width":8,"Level1_ID11_Height":392,"Level1_ID11_Angle":90.00000250447819,"Level1_ID12_X":216,"Level1_ID12_Y":-487.9999999999999,"Level1_ID12_Width":8,"Level1_ID12_Height":96,"Level1_ID12_Angle":90.00000250447819,"Level1_ID13_X":216,"Level1_ID13_Y":-568,"Level1_ID13_Width":8,"Level1_ID13_Height":224,"Level1_ID13_Angle":90.00000250447819,"Level1_ID14_X":344,"Level1_ID14_Y":-487.9999999999999,"Level1_ID14_Width":8,"Level1_ID14_Height":96,"Level1_ID14_Angle":90.00000250447819,"Level1_ID15_X":176.0000000000001,"Level1_ID15_Y":-56,"Level1_ID15_Width":8,"Level1_ID15_Height":24,"Level1_ID15_Angle":0,"Level1_ID16_X":248,"Level1_ID16_Y":-144,"Level1_ID16_Width":8,"Level1_ID16_Height":16,"Level1_ID16_Angle":0,"Level1_ID17_X":352,"Level1_ID17_Y":-56,"Level1_ID17_Width":8,"Level1_ID17_Height":24,"Level1_ID17_Angle":0,"Level1_ID18_X":488,"Level1_ID18_Y":-144,"Level1_ID18_Width":8,"Level1_ID18_Height":16,"Level1_ID18_Angle":0,"Level1_ID19_X":416,"Level1_ID19_Y":-304,"Level1_ID19_Width":8,"Level1_ID19_Height":16,"Level1_ID19_Angle":0,"Level1_ID20_X":432,"Level1_ID20_Y":-384,"Level1_ID20_Width":8,"Level1_ID20_Height":16,"Level1_ID20_Angle":0,"Level1_ID21_X":128,"Level1_ID21_Y":-136,"Level1_ID21_Width":8,"Level1_ID21_Height":16,"Level1_ID21_Angle":0,"Level1_ID22_X":192,"Level1_ID22_Y":-216,"Level1_ID22_Width":8,"Level1_ID22_Height":16,"Level1_ID22_Angle":0,"Level1_ID23_X":384,"Level1_ID23_Y":-216,"Level1_ID23_Width":8,"Level1_ID23_Height":16,"Level1_ID23_Angle":0,"Level1_ID24_X":288,"Level1_ID24_Y":-160,"Level1_ID24_Width":8,"Level1_ID24_Height":72,"Level1_ID24_Angle":0,"Level1_ID25_X":384,"Level1_ID25_Y":-240,"Level1_ID25_Width":8,"Level1_ID25_Height":72,"Level1_ID25_Angle":0,"Level1_ID26_X":400,"Level1_ID26_Y":-320,"Level1_ID26_Width":8,"Level1_ID26_Height":72,"Level1_ID26_Angle":0,"Level1_ID27_X":296,"Level1_ID27_Y":-296,"Level1_ID27_Width":8,"Level1_ID27_Height":16,"Level1_ID27_Angle":0,"Level1_ID28_X":184,"Level1_ID28_Y":-296,"Level1_ID28_Width":8,"Level1_ID28_Height":16,"Level1_ID28_Angle":0,"Level1_ID29_X":208,"Level1_ID29_Y":-376,"Level1_ID29_Width":8,"Level1_ID29_Height":16,"Level1_ID29_Angle":0,"Level1_ID30_X":151.99999999999977,"Level1_ID30_Y":-515,"Level1_ID30_Width":8,"Level1_ID30_Height":248,"Level1_ID30_Angle":90.00000250447819,"Level1_ID31_X":1.5819091796875,"Level1_ID31_Y":-478.84332275390614,"Level1_ID31_Width":8,"Level1_ID31_Height":156.7760009765625,"Level1_ID31_Angle":76.40539205597074,"Level1_ID32_X":399.36291503906295,"Level1_ID32_Y":-515.4852294921874,"Level1_ID32_Width":8,"Level1_ID32_Height":156.7760009765625,"Level1_ID32_Angle":103.9905521889821}}