{"c2dictionary":true,"data":{"Level1_ID0_X":8,"Level1_ID0_Y":-264,"Level1_ID0_Width":8,"Level1_ID0_Height":168,"Level1_ID0_Angle":90.00000250447819,"Level1_ObjCount":14,"Level1_ID1_X":112.00000000000011,"Level1_ID1_Y":-320,"Level1_ID1_Width":8,"Level1_ID1_Height":16,"Level1_ID1_Angle":0,"Level1_ID2_X":264,"Level1_ID2_Y":-320,"Level1_ID2_Width":8,"Level1_ID2_Height":16,"Level1_ID2_Angle":0,"Level1_ID3_X":208,"Level1_ID3_Y":-264,"Level1_ID3_Width":8,"Level1_ID3_Height":168,"Level1_ID3_Angle":90.00000250447819,"Level1_ID4_X":368,"Level1_ID4_Y":-264,"Level1_ID4_Width":8,"Level1_ID4_Height":24,"Level1_ID4_Angle":0,"Level1_ID5_X":8,"Level1_ID5_Y":-264,"Level1_ID5_Width":8,"Level1_ID5_Height":24,"Level1_ID5_Angle":0,"Level1_ID6_X":102.99169921874989,"Level1_ID6_Y":-332.283447265625,"Level1_ID6_Width":8,"Level1_ID6_Height":98.42781066894531,"Level1_ID6_Angle":63.44780603059369,"Level1_ID7_X":192.0484619140625,"Level1_ID7_Y":-376.6156005859375,"Level1_ID7_Width":8,"Level1_ID7_Height":100.0034637451172,"Level1_ID7_Angle":116.4218174972963,"Level1_ID8_X":112,"Level1_ID8_Y":-184,"Level1_ID8_Width":8,"Level1_ID8_Height":64,"Level1_ID8_Angle":90.00000250447819,"Level1_ID9_X":208,"Level1_ID9_Y":-184,"Level1_ID9_Width":8,"Level1_ID9_Height":64,"Level1_ID9_Angle":90.00000250447819,"Level1_ID10_X":112,"Level1_ID10_Y":-88,"Level1_ID10_Width":8,"Level1_ID10_Height":64,"Level1_ID10_Angle":90.00000250447819,"Level1_ID11_X":208,"Level1_ID11_Y":-88,"Level1_ID11_Width":8,"Level1_ID11_Height":64,"Level1_ID11_Angle":90.00000250447819,"Level1_ID12_X":112.00000000000011,"Level1_ID12_Y":-88,"Level1_ID12_Width":8,"Level1_ID12_Height":168,"Level1_ID12_Angle":0,"Level1_ID13_X":264,"Level1_ID13_Y":-88,"Level1_ID13_Width":8,"Level1_ID13_Height":168,"Level1_ID13_Angle":0,"Level1_ID14_X":226.14215087890625,"Level1_ID14_Y":-158.14208984375,"Level1_ID14_Width":8,"Level1_ID14_Height":72,"Level1_ID14_Angle":45.00000125223908,"Level1_ID15_X":280,"Level1_ID15_Y":-204,"Level1_ID15_Width":8,"Level1_ID15_Height":80,"Level1_ID15_Angle":135.00467219101495,"Level1_ID16_X":9.247070312499886,"Level1_ID16_Y":-153.9161376953125,"Level1_ID16_Width":8,"Level1_ID16_Height":190.4415130615234,"Level1_ID16_Angle":44.57280024041147,"Level1_ID17_X":137.71112060546875,"Level1_ID17_Y":-337.27374267578125,"Level1_ID17_Width":8,"Level1_ID17_Height":134.7904815673828,"Level1_ID17_Angle":44.57280024041147,"Level1_ID18_X":231.28808593749977,"Level1_ID18_Y":-432.58514404296875,"Level1_ID18_Width":8,"Level1_ID18_Height":134.7904815673828,"Level1_ID18_Angle":134.4038477704856,"Level1_ID19_X":316.5594482421882,"Level1_ID19_Y":-290.7738037109375,"Level1_ID19_Width":8,"Level1_ID19_Height":194.5191345214844,"Level1_ID19_Angle":134.4038477704856}}