{"c2dictionary":true,"data":{"Level1_ID0_X":72,"Level1_ID0_Y":-208.00006103515625,"Level1_ID0_Width":8,"Level1_ID0_Height":76,"Level1_ID0_Angle":135.00467219101495,"Level1_ObjCount":11,"Level1_ID1_X":16,"Level1_ID1_Y":-56,"Level1_ID1_Width":8,"Level1_ID1_Height":92,"Level1_ID1_Angle":0,"Level1_ID2_X":8,"Level1_ID2_Y":-144.00006103515625,"Level1_ID2_Width":8,"Level1_ID2_Height":92,"Level1_ID2_Angle":45.00000125223908,"Level1_ID3_X":23.999999999999943,"Level1_ID3_Y":-80.00000000000011,"Level1_ID3_Width":8,"Level1_ID3_Height":108,"Level1_ID3_Angle":90.00000250447819,"Level1_ID4_X":224,"Level1_ID4_Y":-56,"Level1_ID4_Width":8,"Level1_ID4_Height":176,"Level1_ID4_Angle":0,"Level1_ID5_X":164,"Level1_ID5_Y":-79.99999999999989,"Level1_ID5_Width":8,"Level1_ID5_Height":60,"Level1_ID5_Angle":90.00000250447819,"Level1_ID6_X":112,"Level1_ID6_Y":-224,"Level1_ID6_Width":8,"Level1_ID6_Height":92,"Level1_ID6_Angle":45.00000125223908,"Level1_ID7_X":120,"Level1_ID7_Y":-144,"Level1_ID7_Width":8,"Level1_ID7_Height":92,"Level1_ID7_Angle":0,"Level1_ID8_X":180,"Level1_ID8_Y":-284.00006103515625,"Level1_ID8_Width":8,"Level1_ID8_Height":80,"Level1_ID8_Angle":135.00467219101495,"Level1_ID9_X":128,"Level1_ID9_Y":-159.9999999999999,"Level1_ID9_Width":8,"Level1_ID9_Height":56,"Level1_ID9_Angle":90.00000250447819,"Level1_ID10_X":216,"Level1_ID10_Y":-159.9999999999999,"Level1_ID10_Width":8,"Level1_ID10_Height":8,"Level1_ID10_Angle":90.00000250447819}}