{"c2dictionary":true,"data":{"Level1_ID0_X":72,"Level1_ID0_Y":-208.00006103515625,"Level1_ID0_Width":8,"Level1_ID0_Height":76,"Level1_ID0_Angle":135.00467219101495,"Level1_ObjCount":16,"Level1_ID1_X":16,"Level1_ID1_Y":-56,"Level1_ID1_Width":8,"Level1_ID1_Height":92,"Level1_ID1_Angle":0,"Level1_ID2_X":8,"Level1_ID2_Y":-144.00006103515625,"Level1_ID2_Width":8,"Level1_ID2_Height":92,"Level1_ID2_Angle":45.00000125223908,"Level1_ID3_X":23.999999999999943,"Level1_ID3_Y":-80.00000000000011,"Level1_ID3_Width":8,"Level1_ID3_Height":108,"Level1_ID3_Angle":90.00000250447819,"Level1_ID4_X":224,"Level1_ID4_Y":-136,"Level1_ID4_Width":8,"Level1_ID4_Height":96,"Level1_ID4_Angle":0,"Level1_ID5_X":164,"Level1_ID5_Y":-80,"Level1_ID5_Width":8,"Level1_ID5_Height":96,"Level1_ID5_Angle":90.00000250447819,"Level1_ID6_X":112,"Level1_ID6_Y":-224,"Level1_ID6_Width":8,"Level1_ID6_Height":92,"Level1_ID6_Angle":45.00000125223908,"Level1_ID7_X":120,"Level1_ID7_Y":-144,"Level1_ID7_Width":8,"Level1_ID7_Height":92,"Level1_ID7_Angle":0,"Level1_ID8_X":180,"Level1_ID8_Y":-284.00006103515625,"Level1_ID8_Width":8,"Level1_ID8_Height":80,"Level1_ID8_Angle":135.00467219101495,"Level1_ID9_X":128,"Level1_ID9_Y":-159.9999999999999,"Level1_ID9_Width":8,"Level1_ID9_Height":56,"Level1_ID9_Angle":90.00000250447819,"Level1_ID10_X":216,"Level1_ID10_Y":-159.9999999999999,"Level1_ID10_Width":8,"Level1_ID10_Height":8,"Level1_ID10_Angle":90.00000250447819,"Level1_ID11_X":224,"Level1_ID11_Y":-1.1368683772161603e-13,"Level1_ID11_Width":8,"Level1_ID11_Height":80,"Level1_ID11_Angle":0,"Level1_ID12_X":292,"Level1_ID12_Y":-80.00000000000023,"Level1_ID12_Width":8,"Level1_ID12_Height":28,"Level1_ID12_Angle":90.00000250447819,"Level1_ID13_X":320,"Level1_ID13_Y":-55.999999999999886,"Level1_ID13_Width":8,"Level1_ID13_Height":100,"Level1_ID13_Angle":0,"Level1_ID14_X":226.14215087890625,"Level1_ID14_Y":-158.14208984375,"Level1_ID14_Width":8,"Level1_ID14_Height":72,"Level1_ID14_Angle":45.00000125223908,"Level1_ID15_X":280,"Level1_ID15_Y":-204,"Level1_ID15_Width":8,"Level1_ID15_Height":80,"Level1_ID15_Angle":135.00467219101495,"Level1_ID16_X":9.247070312499886,"Level1_ID16_Y":-153.9161376953125,"Level1_ID16_Width":8,"Level1_ID16_Height":190.4415130615234,"Level1_ID16_Angle":44.57280024041147,"Level1_ID17_X":137.71112060546875,"Level1_ID17_Y":-337.27374267578125,"Level1_ID17_Width":8,"Level1_ID17_Height":134.7904815673828,"Level1_ID17_Angle":44.57280024041147,"Level1_ID18_X":231.28808593749977,"Level1_ID18_Y":-432.58514404296875,"Level1_ID18_Width":8,"Level1_ID18_Height":134.7904815673828,"Level1_ID18_Angle":134.4038477704856,"Level1_ID19_X":316.5594482421882,"Level1_ID19_Y":-290.7738037109375,"Level1_ID19_Width":8,"Level1_ID19_Height":194.5191345214844,"Level1_ID19_Angle":134.4038477704856}}