{"c2dictionary":true,"data":{"Level1_ID0_X":136,"Level1_ID0_Y":-56,"Level1_ID0_Width":8,"Level1_ID0_Height":24,"Level1_ID0_Angle":0,"Level1_ObjCount":5,"Level1_ID1_X":127.08612060546886,"Level1_ID1_Y":-75.71295166015625,"Level1_ID1_Width":8,"Level1_ID1_Height":80,"Level1_ID1_Angle":62.346731725063435,"Level1_ID2_X":384,"Level1_ID2_Y":-56,"Level1_ID2_Width":8,"Level1_ID2_Height":24,"Level1_ID2_Angle":0,"Level1_ID3_X":399,"Level1_ID3_Y":-69,"Level1_ID3_Width":8,"Level1_ID3_Height":88,"Level1_ID3_Angle":295.9747970977301,"Level1_ID4_X":192,"Level1_ID4_Y":-112,"Level1_ID4_Width":8,"Level1_ID4_Height":136,"Level1_ID4_Angle":90.00000250447819}}