{"c2dictionary":true,"data":{"Level1_ID0_X":16,"Level1_ID0_Y":-56,"Level1_ID0_Width":8,"Level1_ID0_Height":176,"Level1_ID0_Angle":0,"Level1_ObjCount":12,"Level1_ID1_X":24,"Level1_ID1_Y":-80,"Level1_ID1_Width":8,"Level1_ID1_Height":128,"Level1_ID1_Angle":90.00000250447819,"Level1_ID2_X":456,"Level1_ID2_Y":-56,"Level1_ID2_Width":8,"Level1_ID2_Height":176,"Level1_ID2_Angle":0,"Level1_ID3_X":272,"Level1_ID3_Y":0,"Level1_ID3_Width":8,"Level1_ID3_Height":72,"Level1_ID3_Angle":0,"Level1_ID4_X":128,"Level1_ID4_Y":-136,"Level1_ID4_Width":8,"Level1_ID4_Height":16,"Level1_ID4_Angle":0,"Level1_ID5_X":24,"Level1_ID5_Y":-160,"Level1_ID5_Width":8,"Level1_ID5_Height":192,"Level1_ID5_Angle":90.00000250447819,"Level1_ID6_X":184,"Level1_ID6_Y":-80,"Level1_ID6_Width":8,"Level1_ID6_Height":152,"Level1_ID6_Angle":90.00000250447819,"Level1_ID7_X":248,"Level1_ID7_Y":-160,"Level1_ID7_Width":8,"Level1_ID7_Height":208,"Level1_ID7_Angle":90.00000250447819,"Level1_ID8_X":368,"Level1_ID8_Y":-80,"Level1_ID8_Width":8,"Level1_ID8_Height":88,"Level1_ID8_Angle":90.00000250447819,"Level1_ID9_X":144,"Level1_ID9_Y":-268,"Level1_ID9_Width":8,"Level1_ID9_Height":192,"Level1_ID9_Angle":90.00000250447819,"Level1_ID10_X":10.07080078125,"Level1_ID10_Y":-234.71820068359375,"Level1_ID10_Width":8,"Level1_ID10_Height":138.7157135009766,"Level1_ID10_Angle":76.21343641953665,"Level1_ID11_X":331.054931640625,"Level1_ID11_Y":-267.9498291015625,"Level1_ID11_Width":8,"Level1_ID11_Height":144.2565307617188,"Level1_ID11_Angle":103.6560026932457,"Level1_ID12_X":280,"Level1_ID12_Y":-128,"Level1_ID12_Width":8,"Level1_ID12_Height":16,"Level1_ID12_Angle":0,"Level1_ID13_X":120,"Level1_ID13_Y":-128,"Level1_ID13_Width":8,"Level1_ID13_Height":16,"Level1_ID13_Angle":0,"Level1_ID14_X":352,"Level1_ID14_Y":-152.0000000000001,"Level1_ID14_Width":8,"Level1_ID14_Height":40,"Level1_ID14_Angle":90.00000250447819,"Level1_ID15_X":64,"Level1_ID15_Y":-296,"Level1_ID15_Width":8,"Level1_ID15_Height":80,"Level1_ID15_Angle":90.00000250447819,"Level1_ID16_X":576,"Level1_ID16_Y":-296,"Level1_ID16_Width":8,"Level1_ID16_Height":80,"Level1_ID16_Angle":90.00000250447819,"Level1_ID17_X":9.577514648437386,"Level1_ID17_Y":-242.05487060546875,"Level1_ID17_Width":8,"Level1_ID17_Height":75.83720397949219,"Level1_ID17_Angle":45.00000125223908,"Level1_ID18_X":144.4007568359375,"Level1_ID18_Y":-295.5244140625,"Level1_ID18_Width":8,"Level1_ID18_Height":75.83720397949219,"Level1_ID18_Angle":135.00000034162267,"Level1_ID19_X":521.561157226563,"Level1_ID19_Y":-242.20751953125,"Level1_ID19_Width":8,"Level1_ID19_Height":75.83720397949219,"Level1_ID19_Angle":45.00000125223908,"Level1_ID20_X":656.3843994140627,"Level1_ID20_Y":-295.67706298828125,"Level1_ID20_Width":8,"Level1_ID20_Height":75.83720397949219,"Level1_ID20_Angle":135.00000034162267,"Level1_ID21_X":520,"Level1_ID21_Y":-240,"Level1_ID21_Width":8,"Level1_ID21_Height":96,"Level1_ID21_Angle":0,"Level1_ID22_X":192,"Level1_ID22_Y":-240,"Level1_ID22_Width":8,"Level1_ID22_Height":96,"Level1_ID22_Angle":0,"Level1_ID23_X":424.31823730468795,"Level1_ID23_Y":-376.06646728515625,"Level1_ID23_Width":8,"Level1_ID23_Height":89.92703247070312,"Level1_ID23_Angle":135.00000034162267}}