{"c2dictionary":true,"data":{"Level1_ID0_X":1088,"Level1_ID0_Y":0,"Level1_ID0_Width":8,"Level1_ID0_Height":152,"Level1_ID0_Angle":0,"Level1_ObjCount":23,"Level1_ID1_X":647.9999999999998,"Level1_ID1_Y":-80,"Level1_ID1_Width":8,"Level1_ID1_Height":384,"Level1_ID1_Angle":90.00000250447819,"Level1_ID2_X":647.9999999999998,"Level1_ID2_Y":-240,"Level1_ID2_Width":8,"Level1_ID2_Height":384,"Level1_ID2_Angle":90.00000250447819,"Level1_ID3_X":696,"Level1_ID3_Y":-320,"Level1_ID3_Width":8,"Level1_ID3_Height":480,"Level1_ID3_Angle":90.00000250447819,"Level1_ID4_X":1064,"Level1_ID4_Y":-80.00000000000011,"Level1_ID4_Width":8,"Level1_ID4_Height":16,"Level1_ID4_Angle":90.00000250447819,"Level1_ID5_X":1064,"Level1_ID5_Y":-239.9999999999999,"Level1_ID5_Width":8,"Level1_ID5_Height":16,"Level1_ID5_Angle":90.00000250447819,"Level1_ID6_X":648,"Level1_ID6_Y":-159.9999999999999,"Level1_ID6_Width":8,"Level1_ID6_Height":16,"Level1_ID6_Angle":90.00000250447819,"Level1_ID7_X":648,"Level1_ID7_Y":-320,"Level1_ID7_Width":8,"Level1_ID7_Height":16,"Level1_ID7_Angle":90.00000250447819,"Level1_ID8_X":696,"Level1_ID8_Y":-160,"Level1_ID8_Width":8,"Level1_ID8_Height":416,"Level1_ID8_Angle":90.00000250447819,"Level1_ID9_X":1144,"Level1_ID9_Y":-159.9999999999999,"Level1_ID9_Width":8,"Level1_ID9_Height":16,"Level1_ID9_Angle":90.00000250447819,"Level1_ID10_X":1088,"Level1_ID10_Y":-216,"Level1_ID10_Width":8,"Level1_ID10_Height":96,"Level1_ID10_Angle":0,"Level1_ID11_X":1160,"Level1_ID11_Y":-56,"Level1_ID11_Width":8,"Level1_ID11_Height":256,"Level1_ID11_Angle":0,"Level1_ID12_X":1168,"Level1_ID12_Y":-320,"Level1_ID12_Width":8,"Level1_ID12_Height":24,"Level1_ID12_Angle":0,"Level1_ID13_X":648,"Level1_ID13_Y":-320,"Level1_ID13_Width":8,"Level1_ID13_Height":24,"Level1_ID13_Angle":0,"Level1_ID14_X":648,"Level1_ID14_Y":-240,"Level1_ID14_Width":8,"Level1_ID14_Height":24,"Level1_ID14_Angle":0,"Level1_ID15_X":648,"Level1_ID15_Y":-160,"Level1_ID15_Width":8,"Level1_ID15_Height":24,"Level1_ID15_Angle":0,"Level1_ID16_X":648,"Level1_ID16_Y":-80,"Level1_ID16_Width":8,"Level1_ID16_Height":24,"Level1_ID16_Angle":0,"Level1_ID17_X":1072,"Level1_ID17_Y":-80,"Level1_ID17_Width":8,"Level1_ID17_Height":24,"Level1_ID17_Angle":0,"Level1_ID18_X":1072,"Level1_ID18_Y":-240,"Level1_ID18_Width":8,"Level1_ID18_Height":24,"Level1_ID18_Angle":0,"Level1_ID19_X":1096,"Level1_ID19_Y":-247.9999999999999,"Level1_ID19_Width":8,"Level1_ID19_Height":16,"Level1_ID19_Angle":90.00000250447819,"Level1_ID20_X":1168,"Level1_ID20_Y":-200.0000000000001,"Level1_ID20_Width":8,"Level1_ID20_Height":72,"Level1_ID20_Angle":90.00000250447819,"Level1_ID21_X":1232,"Level1_ID21_Y":-200,"Level1_ID21_Width":8,"Level1_ID21_Height":24,"Level1_ID21_Angle":0,"Level1_ID22_X":1144,"Level1_ID22_Y":-247.9999999999999,"Level1_ID22_Width":8,"Level1_ID22_Height":16,"Level1_ID22_Angle":90.00000250447819,"Level1_ID23_X":510.44775390625,"Level1_ID23_Y":-432.2083740234375,"Level1_ID23_Width":8,"Level1_ID23_Height":172.9363403320313,"Level1_ID23_Angle":104.17624454194723,"Level1_ID24_X":464,"Level1_ID24_Y":-216,"Level1_ID24_Width":8,"Level1_ID24_Height":16,"Level1_ID24_Angle":0,"Level1_ID25_X":352,"Level1_ID25_Y":-216,"Level1_ID25_Width":8,"Level1_ID25_Height":16,"Level1_ID25_Angle":0,"Level1_ID26_X":432,"Level1_ID26_Y":-55.999999999999886,"Level1_ID26_Width":8,"Level1_ID26_Height":16,"Level1_ID26_Angle":0}}