{"c2dictionary":true,"data":{"Level1_ID0_X":16,"Level1_ID0_Y":-56,"Level1_ID0_Width":8,"Level1_ID0_Height":96,"Level1_ID0_Angle":0,"Level1_ObjCount":14,"Level1_ID1_X":360,"Level1_ID1_Y":-56,"Level1_ID1_Width":8,"Level1_ID1_Height":96,"Level1_ID1_Angle":0,"Level1_ID2_X":192,"Level1_ID2_Y":0,"Level1_ID2_Width":8,"Level1_ID2_Height":72,"Level1_ID2_Angle":0,"Level1_ID3_X":128,"Level1_ID3_Y":-180,"Level1_ID3_Width":8,"Level1_ID3_Height":72,"Level1_ID3_Angle":0,"Level1_ID4_X":248,"Level1_ID4_Y":-180,"Level1_ID4_Width":8,"Level1_ID4_Height":72,"Level1_ID4_Angle":0,"Level1_ID5_X":24,"Level1_ID5_Y":-79.99999999999989,"Level1_ID5_Width":8,"Level1_ID5_Height":112,"Level1_ID5_Angle":90.00000250447819,"Level1_ID6_X":168,"Level1_ID6_Y":-80.00000000000011,"Level1_ID6_Width":8,"Level1_ID6_Height":104,"Level1_ID6_Angle":90.00000250447819,"Level1_ID7_X":312,"Level1_ID7_Y":-80,"Level1_ID7_Width":8,"Level1_ID7_Height":48,"Level1_ID7_Angle":90.00000250447819,"Level1_ID8_X":128,"Level1_ID8_Y":-180,"Level1_ID8_Width":8,"Level1_ID8_Height":48,"Level1_ID8_Angle":90.00000250447819,"Level1_ID9_X":208,"Level1_ID9_Y":-180,"Level1_ID9_Width":8,"Level1_ID9_Height":48,"Level1_ID9_Angle":90.00000250447819,"Level1_ID10_X":9.854858398437386,"Level1_ID10_Y":-150.72442626953114,"Level1_ID10_Width":8,"Level1_ID10_Height":121.6168518066406,"Level1_ID10_Angle":76.29015993448341,"Level1_ID11_X":121.4532470703125,"Level1_ID11_Y":-250.49163818359375,"Level1_ID11_Width":8,"Level1_ID11_Height":72.46492767333984,"Level1_ID11_Angle":76.29015993448341,"Level1_ID12_X":192.0400390625,"Level1_ID12_Y":-267.9320068359375,"Level1_ID12_Width":8,"Level1_ID12_Height":72.46492767333984,"Level1_ID12_Angle":104.12924601026836,"Level1_ID13_X":255.94689941406295,"Level1_ID13_Y":-180.08758544921875,"Level1_ID13_Width":8,"Level1_ID13_Height":122.2857513427734,"Level1_ID13_Angle":104.12924601026836,"Level1_ID14_X":6.637939453125,"Level1_ID14_Y":-396.140625,"Level1_ID14_Width":8,"Level1_ID14_Height":134.18408203125,"Level1_ID14_Angle":63.53004150820062,"Level1_ID15_X":128.38641357421875,"Level1_ID15_Y":-456.22894287109375,"Level1_ID15_Width":8,"Level1_ID15_Height":134.18408203125,"Level1_ID15_Angle":116.56519682835322,"Level1_ID16_X":240,"Level1_ID16_Y":-320,"Level1_ID16_Width":8,"Level1_ID16_Height":216,"Level1_ID16_Angle":90.00000250447819,"Level1_ID17_X":453,"Level1_ID17_Y":-321.00006103515625,"Level1_ID17_Width":8,"Level1_ID17_Height":32,"Level1_ID17_Angle":116.56519682835322,"Level1_ID18_X":8.36712646484375,"Level1_ID18_Y":-313.53521728515625,"Level1_ID18_Width":8,"Level1_ID18_Height":89.92703247070312,"Level1_ID18_Angle":45.00000125223908,"Level1_ID19_X":72.2042236328125,"Level1_ID19_Y":-376.6190185546875,"Level1_ID19_Width":8,"Level1_ID19_Height":89.92703247070312,"Level1_ID19_Angle":135.00000034162267,"Level1_ID20_X":184.4796142578125,"Level1_ID20_Y":-393.32611083984375,"Level1_ID20_Width":8,"Level1_ID20_Height":89.92703247070312,"Level1_ID20_Angle":45.00000125223908,"Level1_ID21_X":248.31671142578125,"Level1_ID21_Y":-456.409912109375,"Level1_ID21_Width":8,"Level1_ID21_Height":89.92703247070312,"Level1_ID21_Angle":135.00000034162267,"Level1_ID22_X":360.481201171875,"Level1_ID22_Y":-312.982666015625,"Level1_ID22_Width":8,"Level1_ID22_Height":89.92703247070312,"Level1_ID22_Angle":45.00000125223908,"Level1_ID23_X":424.31823730468795,"Level1_ID23_Y":-376.06646728515625,"Level1_ID23_Width":8,"Level1_ID23_Height":89.92703247070312,"Level1_ID23_Angle":135.00000034162267}}