{"c2dictionary":true,"data":{"Level1_ID0_X":16,"Level1_ID0_Y":-56.000000000000114,"Level1_ID0_Width":8,"Level1_ID0_Height":184,"Level1_ID0_Angle":0,"Level1_ObjCount":15,"Level1_ID1_X":24,"Level1_ID1_Y":-80,"Level1_ID1_Width":8,"Level1_ID1_Height":224,"Level1_ID1_Angle":90.00000250447819,"Level1_ID2_X":576,"Level1_ID2_Y":-56,"Level1_ID2_Width":8,"Level1_ID2_Height":96,"Level1_ID2_Angle":0,"Level1_ID3_X":120,"Level1_ID3_Y":-160,"Level1_ID3_Width":8,"Level1_ID3_Height":448,"Level1_ID3_Angle":90.00000250447819,"Level1_ID4_X":24,"Level1_ID4_Y":-160,"Level1_ID4_Width":8,"Level1_ID4_Height":64,"Level1_ID4_Angle":90.00000250447819,"Level1_ID5_X":280,"Level1_ID5_Y":-80.00000000000011,"Level1_ID5_Width":8,"Level1_ID5_Height":72,"Level1_ID5_Angle":90.00000250447819,"Level1_ID6_X":383.9999999999998,"Level1_ID6_Y":-80.00000000000011,"Level1_ID6_Width":8,"Level1_ID6_Height":192,"Level1_ID6_Angle":90.00000250447819,"Level1_ID7_X":432,"Level1_ID7_Y":-136,"Level1_ID7_Width":8,"Level1_ID7_Height":16,"Level1_ID7_Angle":0,"Level1_ID8_X":304,"Level1_ID8_Y":-136,"Level1_ID8_Width":8,"Level1_ID8_Height":16,"Level1_ID8_Angle":0,"Level1_ID9_X":176,"Level1_ID9_Y":-136,"Level1_ID9_Width":8,"Level1_ID9_Height":16,"Level1_ID9_Angle":0,"Level1_ID10_X":296,"Level1_ID10_Y":-160,"Level1_ID10_Width":8,"Level1_ID10_Height":80,"Level1_ID10_Angle":0,"Level1_ID11_X":312,"Level1_ID11_Y":0,"Level1_ID11_Width":8,"Level1_ID11_Height":72,"Level1_ID11_Angle":0,"Level1_ID12_X":7.16864013671875,"Level1_ID12_Y":-236.15234375,"Level1_ID12_Width":8,"Level1_ID12_Height":171.4936370849609,"Level1_ID12_Angle":63.06050015370812,"Level1_ID13_X":160.08013916015625,"Level1_ID13_Y":-312.41571044921886,"Level1_ID13_Width":8,"Level1_ID13_Height":171.4936370849609,"Level1_ID13_Angle":116.32519764129725,"Level1_ID14_X":568.581298828125,"Level1_ID14_Y":-159.2353515625,"Level1_ID14_Width":8,"Level1_ID14_Height":28.16812133789063,"Level1_ID14_Angle":116.32519764129725,"Level1_ID15_X":88,"Level1_ID15_Y":-328,"Level1_ID15_Width":8,"Level1_ID15_Height":144,"Level1_ID15_Angle":90.00000250447819,"Level1_ID16_X":360,"Level1_ID16_Y":-328,"Level1_ID16_Width":8,"Level1_ID16_Height":144,"Level1_ID16_Angle":90.00000250447819,"Level1_ID17_X":227.039794921875,"Level1_ID17_Y":-324.5201416015625,"Level1_ID17_Width":8,"Level1_ID17_Height":97.82719421386719,"Level1_ID17_Angle":44.80353769095284,"Level1_ID18_X":296.48791503906295,"Level1_ID18_Y":-393.08746337890625,"Level1_ID18_Width":8,"Level1_ID18_Height":97.82719421386719,"Level1_ID18_Angle":135.00061505864798,"Level1_ID19_X":6.26025390625,"Level1_ID19_Y":-68.833251953125,"Level1_ID19_Width":8,"Level1_ID19_Height":81.4827651977539,"Level1_ID19_Angle":63.86121689048705,"Level1_ID20_X":511.09069824218795,"Level1_ID20_Y":-105.2967529296875,"Level1_ID20_Width":8,"Level1_ID20_Height":82.06060791015625,"Level1_ID20_Angle":116.59694354761544,"Level1_ID21_X":248.31671142578125,"Level1_ID21_Y":-456.409912109375,"Level1_ID21_Width":8,"Level1_ID21_Height":89.92703247070312,"Level1_ID21_Angle":135.00000034162267,"Level1_ID22_X":360.481201171875,"Level1_ID22_Y":-312.982666015625,"Level1_ID22_Width":8,"Level1_ID22_Height":89.92703247070312,"Level1_ID22_Angle":45.00000125223908,"Level1_ID23_X":424.31823730468795,"Level1_ID23_Y":-376.06646728515625,"Level1_ID23_Width":8,"Level1_ID23_Height":89.92703247070312,"Level1_ID23_Angle":135.00000034162267}}