{"c2dictionary":true,"data":{"Level1_ID0_X":16,"Level1_ID0_Y":-56,"Level1_ID0_Width":8,"Level1_ID0_Height":24,"Level1_ID0_Angle":0,"Level1_ObjCount":14,"Level1_ID1_X":24.000000000000227,"Level1_ID1_Y":-79.99999999999989,"Level1_ID1_Width":8,"Level1_ID1_Height":288,"Level1_ID1_Angle":90.00000250447819,"Level1_ID2_X":224,"Level1_ID2_Y":-160.0000000000001,"Level1_ID2_Width":8,"Level1_ID2_Height":168,"Level1_ID2_Angle":90.00000250447819,"Level1_ID3_X":224,"Level1_ID3_Y":-240,"Level1_ID3_Width":8,"Level1_ID3_Height":8,"Level1_ID3_Angle":90.00000250447819,"Level1_ID4_X":263.9999999999998,"Level1_ID4_Y":-240,"Level1_ID4_Width":8,"Level1_ID4_Height":280,"Level1_ID4_Angle":90.00000250447819,"Level1_ID5_X":424,"Level1_ID5_Y":-159.9999999999999,"Level1_ID5_Width":8,"Level1_ID5_Height":8,"Level1_ID5_Angle":90.00000250447819,"Level1_ID6_X":344,"Level1_ID6_Y":-80,"Level1_ID6_Width":8,"Level1_ID6_Height":88,"Level1_ID6_Angle":90.00000250447819,"Level1_ID7_X":432,"Level1_ID7_Y":0,"Level1_ID7_Width":8,"Level1_ID7_Height":240,"Level1_ID7_Angle":0,"Level1_ID8_X":216,"Level1_ID8_Y":-136,"Level1_ID8_Width":8,"Level1_ID8_Height":184,"Level1_ID8_Angle":0,"Level1_ID9_X":207.08154296875,"Level1_ID9_Y":-316.1016845703125,"Level1_ID9_Width":8,"Level1_ID9_Height":135.4944000244141,"Level1_ID9_Angle":63.33513523004515,"Level1_ID10_X":327.56408691406295,"Level1_ID10_Y":-376.80938720703125,"Level1_ID10_Width":8,"Level1_ID10_Height":135.4944000244141,"Level1_ID10_Angle":115.8323038700325,"Level1_ID11_X":432,"Level1_ID11_Y":-296,"Level1_ID11_Width":8,"Level1_ID11_Height":24,"Level1_ID11_Angle":0,"Level1_ID12_X":536,"Level1_ID12_Y":-240,"Level1_ID12_Width":8,"Level1_ID12_Height":24,"Level1_ID12_Angle":0,"Level1_ID13_X":16,"Level1_ID13_Y":-80,"Level1_ID13_Width":8,"Level1_ID13_Height":24,"Level1_ID13_Angle":0,"Level1_ID14_X":144,"Level1_ID14_Y":-224,"Level1_ID14_Width":8,"Level1_ID14_Height":120,"Level1_ID14_Angle":0,"Level1_ID15_X":312,"Level1_ID15_Y":-224,"Level1_ID15_Width":8,"Level1_ID15_Height":120,"Level1_ID15_Angle":0,"Level1_ID16_X":9.247070312499886,"Level1_ID16_Y":-153.9161376953125,"Level1_ID16_Width":8,"Level1_ID16_Height":190.4415130615234,"Level1_ID16_Angle":44.57280024041147,"Level1_ID17_X":137.71112060546875,"Level1_ID17_Y":-337.27374267578125,"Level1_ID17_Width":8,"Level1_ID17_Height":134.7904815673828,"Level1_ID17_Angle":44.57280024041147,"Level1_ID18_X":231.28808593749977,"Level1_ID18_Y":-432.58514404296875,"Level1_ID18_Width":8,"Level1_ID18_Height":134.7904815673828,"Level1_ID18_Angle":134.4038477704856,"Level1_ID19_X":316.5594482421882,"Level1_ID19_Y":-290.7738037109375,"Level1_ID19_Width":8,"Level1_ID19_Height":194.5191345214844,"Level1_ID19_Angle":134.4038477704856}}