{"c2dictionary":true,"data":{"Level1_ID0_X":15.999999999999886,"Level1_ID0_Y":-56,"Level1_ID0_Width":8,"Level1_ID0_Height":256,"Level1_ID0_Angle":0,"Level1_ObjCount":21,"Level1_ID1_X":584,"Level1_ID1_Y":-56,"Level1_ID1_Width":8,"Level1_ID1_Height":256,"Level1_ID1_Angle":0,"Level1_ID2_X":152,"Level1_ID2_Y":-216,"Level1_ID2_Width":8,"Level1_ID2_Height":96,"Level1_ID2_Angle":0,"Level1_ID3_X":448,"Level1_ID3_Y":-216,"Level1_ID3_Width":8,"Level1_ID3_Height":96,"Level1_ID3_Angle":0,"Level1_ID4_X":464,"Level1_ID4_Y":-136,"Level1_ID4_Width":8,"Level1_ID4_Height":16,"Level1_ID4_Angle":0,"Level1_ID5_X":344,"Level1_ID5_Y":0,"Level1_ID5_Width":8,"Level1_ID5_Height":72,"Level1_ID5_Angle":0,"Level1_ID6_X":320,"Level1_ID6_Y":-80.00000000000011,"Level1_ID6_Width":8,"Level1_ID6_Height":72,"Level1_ID6_Angle":0,"Level1_ID7_X":24.000000000000227,"Level1_ID7_Y":-80,"Level1_ID7_Width":8,"Level1_ID7_Height":256,"Level1_ID7_Angle":90.00000250447819,"Level1_ID8_X":312,"Level1_ID8_Y":-80,"Level1_ID8_Width":8,"Level1_ID8_Height":40,"Level1_ID8_Angle":90.00000250447819,"Level1_ID9_X":399.9999999999998,"Level1_ID9_Y":-80.00000000000011,"Level1_ID9_Width":8,"Level1_ID9_Height":184,"Level1_ID9_Angle":90.00000250447819,"Level1_ID10_X":24,"Level1_ID10_Y":-159.9999999999999,"Level1_ID10_Width":8,"Level1_ID10_Height":48,"Level1_ID10_Angle":90.00000250447819,"Level1_ID11_X":104,"Level1_ID11_Y":-160,"Level1_ID11_Width":8,"Level1_ID11_Height":440,"Level1_ID11_Angle":90.00000250447819,"Level1_ID12_X":576,"Level1_ID12_Y":-159.9999999999999,"Level1_ID12_Width":8,"Level1_ID12_Height":8,"Level1_ID12_Angle":90.00000250447819,"Level1_ID13_X":456,"Level1_ID13_Y":-240,"Level1_ID13_Width":8,"Level1_ID13_Height":48,"Level1_ID13_Angle":90.00000250447819,"Level1_ID14_X":536,"Level1_ID14_Y":-240,"Level1_ID14_Width":8,"Level1_ID14_Height":48,"Level1_ID14_Angle":90.00000250447819,"Level1_ID15_X":9.287231445312727,"Level1_ID15_Y":-305.98095703125,"Level1_ID15_Width":8,"Level1_ID15_Height":111.5475921630859,"Level1_ID15_Angle":45.00000125223908,"Level1_ID16_X":88.37158203124989,"Level1_ID16_Y":-384.5126953125,"Level1_ID16_Width":8,"Level1_ID16_Height":111.5475921630859,"Level1_ID16_Angle":135.00000034162267,"Level1_ID17_X":441.01208496093795,"Level1_ID17_Y":-305.58612060546875,"Level1_ID17_Width":8,"Level1_ID17_Height":111.5475921630859,"Level1_ID17_Angle":45.00000125223908,"Level1_ID18_X":520.096557617188,"Level1_ID18_Y":-384.11785888671875,"Level1_ID18_Width":8,"Level1_ID18_Height":111.5475921630859,"Level1_ID18_Angle":135.00000034162267,"Level1_ID19_X":307.793212890625,"Level1_ID19_Y":-341.84967041015625,"Level1_ID19_Width":8,"Level1_ID19_Height":165.3311462402344,"Level1_ID19_Angle":243.11304662022584,"Level1_ID20_X":303.31994628906295,"Level1_ID20_Y":-350.328857421875,"Level1_ID20_Width":8,"Level1_ID20_Height":167.2950744628906,"Level1_ID20_Angle":116.89614681439699,"Level1_ID21_X":280,"Level1_ID21_Y":-416,"Level1_ID21_Width":8,"Level1_ID21_Height":176,"Level1_ID21_Angle":90.00000250447819,"Level1_ID22_X":455.9999999999998,"Level1_ID22_Y":-416.00006103515625,"Level1_ID22_Width":8,"Level1_ID22_Height":144,"Level1_ID22_Angle":135.00000034162267,"Level1_ID23_X":286,"Level1_ID23_Y":-411,"Level1_ID23_Width":8,"Level1_ID23_Height":144,"Level1_ID23_Angle":224.99999965837733,"Level1_ID24_X":312,"Level1_ID24_Y":-424,"Level1_ID24_Width":8,"Level1_ID24_Height":64,"Level1_ID24_Angle":0,"Level1_ID25_X":137.6451416015625,"Level1_ID25_Y":-481.9705810546875,"Level1_ID25_Width":8,"Level1_ID25_Height":133.9613037109375,"Level1_ID25_Angle":44.9508887770121,"Level1_ID26_X":233.29650878906295,"Level1_ID26_Y":-575.3466186523436,"Level1_ID26_Width":8,"Level1_ID26_Height":131.2298278808594,"Level1_ID26_Angle":135.00000034162267}}