{"c2dictionary":true,"data":{"Level1_ID0_X":24,"Level1_ID0_Y":-80,"Level1_ID0_Width":8,"Level1_ID0_Height":96,"Level1_ID0_Angle":90.00000250447819,"Level1_ObjCount":27,"Level1_ID1_X":152,"Level1_ID1_Y":-79.99999999999989,"Level1_ID1_Width":8,"Level1_ID1_Height":328,"Level1_ID1_Angle":90.00000250447819,"Level1_ID2_X":511.9999999999998,"Level1_ID2_Y":-80,"Level1_ID2_Width":8,"Level1_ID2_Height":256,"Level1_ID2_Angle":90.00000250447819,"Level1_ID3_X":224,"Level1_ID3_Y":-160,"Level1_ID3_Width":8,"Level1_ID3_Height":184,"Level1_ID3_Angle":90.00000250447819,"Level1_ID4_X":440,"Level1_ID4_Y":-160,"Level1_ID4_Width":8,"Level1_ID4_Height":96,"Level1_ID4_Angle":90.00000250447819,"Level1_ID5_X":568,"Level1_ID5_Y":-160,"Level1_ID5_Width":8,"Level1_ID5_Height":96,"Level1_ID5_Angle":90.00000250447819,"Level1_ID6_X":696,"Level1_ID6_Y":-159.9999999999999,"Level1_ID6_Width":8,"Level1_ID6_Height":104,"Level1_ID6_Angle":90.00000250447819,"Level1_ID7_X":263.9999999999998,"Level1_ID7_Y":-240,"Level1_ID7_Width":8,"Level1_ID7_Height":320,"Level1_ID7_Angle":90.00000250447819,"Level1_ID8_X":615.9999999999998,"Level1_ID8_Y":-240,"Level1_ID8_Width":8,"Level1_ID8_Height":184,"Level1_ID8_Angle":90.00000250447819,"Level1_ID9_X":224.0000000000001,"Level1_ID9_Y":-240,"Level1_ID9_Width":8,"Level1_ID9_Height":8,"Level1_ID9_Angle":90.00000250447819,"Level1_ID10_X":360,"Level1_ID10_Y":-320,"Level1_ID10_Width":8,"Level1_ID10_Height":136,"Level1_ID10_Angle":90.00000250447819,"Level1_ID11_X":527.9999999999998,"Level1_ID11_Y":-320,"Level1_ID11_Width":8,"Level1_ID11_Height":136,"Level1_ID11_Angle":90.00000250447819,"Level1_ID12_X":16,"Level1_ID12_Y":-55.999999999999886,"Level1_ID12_Width":8,"Level1_ID12_Height":48,"Level1_ID12_Angle":0,"Level1_ID13_X":216,"Level1_ID13_Y":-136,"Level1_ID13_Width":8,"Level1_ID13_Height":128,"Level1_ID13_Angle":0,"Level1_ID14_X":352,"Level1_ID14_Y":-296,"Level1_ID14_Width":8,"Level1_ID14_Height":96,"Level1_ID14_Angle":0,"Level1_ID15_X":664,"Level1_ID15_Y":-296,"Level1_ID15_Width":8,"Level1_ID15_Height":96,"Level1_ID15_Angle":0,"Level1_ID16_X":528,"Level1_ID16_Y":-240,"Level1_ID16_Width":8,"Level1_ID16_Height":72,"Level1_ID16_Angle":0,"Level1_ID17_X":568,"Level1_ID17_Y":-160,"Level1_ID17_Width":8,"Level1_ID17_Height":72,"Level1_ID17_Angle":0,"Level1_ID18_X":464,"Level1_ID18_Y":-80.00000000000011,"Level1_ID18_Width":8,"Level1_ID18_Height":72,"Level1_ID18_Angle":0,"Level1_ID19_X":624,"Level1_ID19_Y":-80.00000000000011,"Level1_ID19_Width":8,"Level1_ID19_Height":72,"Level1_ID19_Angle":0,"Level1_ID20_X":328,"Level1_ID20_Y":0,"Level1_ID20_Width":8,"Level1_ID20_Height":72,"Level1_ID20_Angle":0,"Level1_ID21_X":800,"Level1_ID21_Y":-2.2737367544323206e-13,"Level1_ID21_Width":8,"Level1_ID21_Height":264,"Level1_ID21_Angle":0,"Level1_ID22_X":346.472412109375,"Level1_ID22_Y":-390.2987060546875,"Level1_ID22_Width":8,"Level1_ID22_Height":171.8492736816406,"Level1_ID22_Angle":75.94716832493292,"Level1_ID23_X":510.44775390625,"Level1_ID23_Y":-432.2083740234375,"Level1_ID23_Width":8,"Level1_ID23_Height":172.9363403320313,"Level1_ID23_Angle":104.17624454194723,"Level1_ID24_X":464,"Level1_ID24_Y":-216,"Level1_ID24_Width":8,"Level1_ID24_Height":16,"Level1_ID24_Angle":0,"Level1_ID25_X":352,"Level1_ID25_Y":-216,"Level1_ID25_Width":8,"Level1_ID25_Height":16,"Level1_ID25_Angle":0,"Level1_ID26_X":432,"Level1_ID26_Y":-55.999999999999886,"Level1_ID26_Width":8,"Level1_ID26_Height":16,"Level1_ID26_Angle":0}}