{"c2dictionary":true,"data":{"Level1_ID0_X":16,"Level1_ID0_Y":-56,"Level1_ID0_Width":8,"Level1_ID0_Height":424,"Level1_ID0_Angle":0,"Level1_ObjCount":21,"Level1_ID1_X":528,"Level1_ID1_Y":-56,"Level1_ID1_Width":8,"Level1_ID1_Height":424,"Level1_ID1_Angle":0,"Level1_ID2_X":72,"Level1_ID2_Y":-160,"Level1_ID2_Width":8,"Level1_ID2_Height":232,"Level1_ID2_Angle":0,"Level1_ID3_X":128.0000000000001,"Level1_ID3_Y":0,"Level1_ID3_Width":8,"Level1_ID3_Height":152,"Level1_ID3_Angle":0,"Level1_ID4_X":272,"Level1_ID4_Y":-216,"Level1_ID4_Width":8,"Level1_ID4_Height":16,"Level1_ID4_Angle":0,"Level1_ID5_X":224,"Level1_ID5_Y":-376,"Level1_ID5_Width":8,"Level1_ID5_Height":16,"Level1_ID5_Angle":0,"Level1_ID6_X":360,"Level1_ID6_Y":-376,"Level1_ID6_Width":8,"Level1_ID6_Height":16,"Level1_ID6_Angle":0,"Level1_ID7_X":24,"Level1_ID7_Y":-80,"Level1_ID7_Width":8,"Level1_ID7_Height":64,"Level1_ID7_Angle":90.00000250447819,"Level1_ID8_X":80,"Level1_ID8_Y":-320,"Level1_ID8_Width":8,"Level1_ID8_Height":392,"Level1_ID8_Angle":90.00000250447819,"Level1_ID9_X":64,"Level1_ID9_Y":-400,"Level1_ID9_Width":8,"Level1_ID9_Height":176,"Level1_ID9_Angle":90.00000250447819,"Level1_ID10_X":351.9999999999998,"Level1_ID10_Y":-400,"Level1_ID10_Width":8,"Level1_ID10_Height":176,"Level1_ID10_Angle":90.00000250447819,"Level1_ID11_X":280,"Level1_ID11_Y":-400,"Level1_ID11_Width":8,"Level1_ID11_Height":32,"Level1_ID11_Angle":90.00000250447819,"Level1_ID12_X":152,"Level1_ID12_Y":-516,"Level1_ID12_Width":8,"Level1_ID12_Height":248,"Level1_ID12_Angle":90.00000250447819,"Level1_ID13_X":1.351318359375,"Level1_ID13_Y":-477.63442993164057,"Level1_ID13_Width":8,"Level1_ID13_Height":155.7979888916016,"Level1_ID13_Angle":75.51388844474394,"Level1_ID14_X":396.09997558593795,"Level1_ID14_Y":-516.7135314941406,"Level1_ID14_Width":8,"Level1_ID14_Height":161.8699951171875,"Level1_ID14_Angle":104.03725019233748,"Level1_ID15_X":24,"Level1_ID15_Y":-159.9999999999999,"Level1_ID15_Width":8,"Level1_ID15_Height":8,"Level1_ID15_Angle":90.00000250447819,"Level1_ID16_X":64,"Level1_ID16_Y":-159.9999999999999,"Level1_ID16_Width":8,"Level1_ID16_Height":424,"Level1_ID16_Angle":90.00000250447819,"Level1_ID17_X":167.99999999999977,"Level1_ID17_Y":-80.00000000000011,"Level1_ID17_Width":8,"Level1_ID17_Height":360,"Level1_ID17_Angle":90.00000250447819,"Level1_ID18_X":120.00000000000011,"Level1_ID18_Y":-80,"Level1_ID18_Width":8,"Level1_ID18_Height":8,"Level1_ID18_Angle":90.00000250447819,"Level1_ID19_X":120,"Level1_ID19_Y":-240,"Level1_ID19_Width":8,"Level1_ID19_Height":408,"Level1_ID19_Angle":90.00000250447819,"Level1_ID20_X":24,"Level1_ID20_Y":-400,"Level1_ID20_Width":8,"Level1_ID20_Height":8,"Level1_ID20_Angle":90.00000250447819,"Level1_ID21_X":776,"Level1_ID21_Y":-151.9999999999999,"Level1_ID21_Width":248,"Level1_ID21_Height":8,"Level1_ID21_Angle":0,"Level1_ID22_X":888,"Level1_ID22_Y":-72,"Level1_ID22_Width":144,"Level1_ID22_Height":8,"Level1_ID22_Angle":0,"Level1_ID23_X":608,"Level1_ID23_Y":-72,"Level1_ID23_Width":248,"Level1_ID23_Height":8,"Level1_ID23_Angle":0,"Level1_ID24_X":1016,"Level1_ID24_Y":-312,"Level1_ID24_Width":16,"Level1_ID24_Height":8,"Level1_ID24_Angle":0,"Level1_ID25_X":72,"Level1_ID25_Y":-312,"Level1_ID25_Width":152,"Level1_ID25_Height":8,"Level1_ID25_Angle":0,"Level1_ID26_X":24,"Level1_ID26_Y":-312,"Level1_ID26_Width":16,"Level1_ID26_Height":8,"Level1_ID26_Angle":0,"Level1_ID27_X":256,"Level1_ID27_Y":-312,"Level1_ID27_Width":64,"Level1_ID27_Height":8,"Level1_ID27_Angle":0,"Level1_ID28_X":8,"Level1_ID28_Y":-388.00006103515625,"Level1_ID28_Width":120,"Level1_ID28_Height":8,"Level1_ID28_Angle":332.9342723382735,"Level1_ID29_X":223.9999999999999,"Level1_ID29_Y":-444,"Level1_ID29_Width":120,"Level1_ID29_Height":8,"Level1_ID29_Angle":26.62095598825901,"Level1_ID30_X":112,"Level1_ID30_Y":-440,"Level1_ID30_Width":120,"Level1_ID30_Height":8,"Level1_ID30_Angle":0,"Level1_ID31_X":720,"Level1_ID31_Y":-392,"Level1_ID31_Width":120,"Level1_ID31_Height":8,"Level1_ID31_Angle":332.9342723382735,"Level1_ID32_X":936,"Level1_ID32_Y":-448,"Level1_ID32_Width":120,"Level1_ID32_Height":8,"Level1_ID32_Angle":26.62095598825901,"Level1_ID33_X":824,"Level1_ID33_Y":-444,"Level1_ID33_Width":120,"Level1_ID33_Height":8,"Level1_ID33_Angle":0}}