{"c2dictionary":true,"data":{"Level1_ID0_X":24,"Level1_ID0_Y":-80,"Level1_ID0_Width":8,"Level1_ID0_Height":152,"Level1_ID0_Angle":90.00000250447819,"Level1_ObjCount":14,"Level1_ID1_X":64,"Level1_ID1_Y":-160,"Level1_ID1_Width":8,"Level1_ID1_Height":112,"Level1_ID1_Angle":90.00000250447819,"Level1_ID2_X":208,"Level1_ID2_Y":-160,"Level1_ID2_Width":8,"Level1_ID2_Height":152,"Level1_ID2_Angle":90.00000250447819,"Level1_ID3_X":208,"Level1_ID3_Y":-80,"Level1_ID3_Width":8,"Level1_ID3_Height":80,"Level1_ID3_Angle":90.00000250447819,"Level1_ID4_X":320,"Level1_ID4_Y":-80,"Level1_ID4_Width":8,"Level1_ID4_Height":40,"Level1_ID4_Angle":90.00000250447819,"Level1_ID5_X":16,"Level1_ID5_Y":-56,"Level1_ID5_Width":8,"Level1_ID5_Height":176,"Level1_ID5_Angle":0,"Level1_ID6_X":360,"Level1_ID6_Y":-56,"Level1_ID6_Width":8,"Level1_ID6_Height":176,"Level1_ID6_Angle":0,"Level1_ID7_X":248,"Level1_ID7_Y":-136,"Level1_ID7_Width":8,"Level1_ID7_Height":16,"Level1_ID7_Angle":0,"Level1_ID8_X":128,"Level1_ID8_Y":-136,"Level1_ID8_Width":8,"Level1_ID8_Height":16,"Level1_ID8_Angle":0,"Level1_ID9_X":128,"Level1_ID9_Y":-55.999999999999886,"Level1_ID9_Width":8,"Level1_ID9_Height":16,"Level1_ID9_Angle":0,"Level1_ID10_X":248,"Level1_ID10_Y":0,"Level1_ID10_Width":8,"Level1_ID10_Height":72,"Level1_ID10_Angle":0,"Level1_ID11_X":80,"Level1_ID11_Y":-264,"Level1_ID11_Width":8,"Level1_ID11_Height":224,"Level1_ID11_Angle":90.00000250447819,"Level1_ID12_X":7.390380859375,"Level1_ID12_Y":-229.0449218749999,"Level1_ID12_Width":8,"Level1_ID12_Height":80.22122192382812,"Level1_ID12_Angle":63.96673648297458,"Level1_ID13_X":304.045166015625,"Level1_ID13_Y":-264.64190673828125,"Level1_ID13_Width":8,"Level1_ID13_Height":83.87281799316406,"Level1_ID13_Angle":116.11223234297628,"Level1_ID14_X":183.29162597656295,"Level1_ID14_Y":-288.7115478515626,"Level1_ID14_Width":8,"Level1_ID14_Height":123.8756256103516,"Level1_ID14_Angle":104.66012246350763,"Level1_ID15_X":289.5052490234382,"Level1_ID15_Y":-248.19384765625,"Level1_ID15_Width":8,"Level1_ID15_Height":71.85248565673828,"Level1_ID15_Angle":104.66012246350763}}