{"c2dictionary":true,"data":{"Level1_ID0_X":224,"Level1_ID0_Y":-56,"Level1_ID0_Width":8,"Level1_ID0_Height":8,"Level1_ID0_Angle":0,"Level1_ObjCount":11,"Level1_ID1_X":216,"Level1_ID1_Y":-133,"Level1_ID1_Width":8,"Level1_ID1_Height":80,"Level1_ID1_Angle":62.346731725063435,"Level1_ID2_X":472,"Level1_ID2_Y":-56,"Level1_ID2_Width":8,"Level1_ID2_Height":8,"Level1_ID2_Angle":0,"Level1_ID3_X":487,"Level1_ID3_Y":-125,"Level1_ID3_Width":8,"Level1_ID3_Height":88,"Level1_ID3_Angle":295.9747970977301,"Level1_ID4_X":280,"Level1_ID4_Y":-168,"Level1_ID4_Width":8,"Level1_ID4_Height":136,"Level1_ID4_Angle":90.00000250447819,"Level1_ID5_X":88,"Level1_ID5_Y":-72.00000000000011,"Level1_ID5_Width":8,"Level1_ID5_Height":248,"Level1_ID5_Angle":90.00000250447819,"Level1_ID6_X":368,"Level1_ID6_Y":-71.99999999999989,"Level1_ID6_Width":8,"Level1_ID6_Height":240,"Level1_ID6_Angle":90.00000250447819,"Level1_ID7_X":88,"Level1_ID7_Y":-56,"Level1_ID7_Width":8,"Level1_ID7_Height":40,"Level1_ID7_Angle":0,"Level1_ID8_X":608,"Level1_ID8_Y":-56,"Level1_ID8_Width":8,"Level1_ID8_Height":40,"Level1_ID8_Angle":0,"Level1_ID9_X":224,"Level1_ID9_Y":-128.0000000000001,"Level1_ID9_Width":8,"Level1_ID9_Height":8,"Level1_ID9_Angle":0,"Level1_ID10_X":472,"Level1_ID10_Y":-128.0000000000001,"Level1_ID10_Width":8,"Level1_ID10_Height":8,"Level1_ID10_Angle":0}}