{"c2dictionary":true,"data":{"Level1_ID0_X":24,"Level1_ID0_Y":-88,"Level1_ID0_Width":8,"Level1_ID0_Height":296,"Level1_ID0_Angle":90.00000250447819,"Level1_ObjCount":23,"Level1_ID1_X":64,"Level1_ID1_Y":-168,"Level1_ID1_Width":8,"Level1_ID1_Height":312,"Level1_ID1_Angle":90.00000250447819,"Level1_ID2_X":352,"Level1_ID2_Y":-88.00000000000011,"Level1_ID2_Width":8,"Level1_ID2_Height":104,"Level1_ID2_Angle":90.00000250447819,"Level1_ID3_X":487.9999999999998,"Level1_ID3_Y":-88.00000000000011,"Level1_ID3_Width":8,"Level1_ID3_Height":144,"Level1_ID3_Angle":90.00000250447819,"Level1_ID4_X":407.9999999999998,"Level1_ID4_Y":-168,"Level1_ID4_Width":8,"Level1_ID4_Height":224,"Level1_ID4_Angle":90.00000250447819,"Level1_ID5_X":24.000000000000114,"Level1_ID5_Y":-248,"Level1_ID5_Width":8,"Level1_ID5_Height":48,"Level1_ID5_Angle":90.00000250447819,"Level1_ID6_X":104,"Level1_ID6_Y":-248,"Level1_ID6_Width":8,"Level1_ID6_Height":448,"Level1_ID6_Angle":90.00000250447819,"Level1_ID7_X":584,"Level1_ID7_Y":-248,"Level1_ID7_Width":8,"Level1_ID7_Height":48,"Level1_ID7_Angle":90.00000250447819,"Level1_ID8_X":176,"Level1_ID8_Y":-328,"Level1_ID8_Width":8,"Level1_ID8_Height":136,"Level1_ID8_Angle":90.00000250447819,"Level1_ID9_X":344,"Level1_ID9_Y":-328,"Level1_ID9_Width":8,"Level1_ID9_Height":136,"Level1_ID9_Angle":90.00000250447819,"Level1_ID10_X":16,"Level1_ID10_Y":-56,"Level1_ID10_Width":8,"Level1_ID10_Height":272,"Level1_ID10_Angle":0,"Level1_ID11_X":632,"Level1_ID11_Y":-56,"Level1_ID11_Width":8,"Level1_ID11_Height":272,"Level1_ID11_Angle":0,"Level1_ID12_X":24,"Level1_ID12_Y":-168,"Level1_ID12_Width":8,"Level1_ID12_Height":8,"Level1_ID12_Angle":90.00000250447819,"Level1_ID13_X":128,"Level1_ID13_Y":-224,"Level1_ID13_Width":8,"Level1_ID13_Height":16,"Level1_ID13_Angle":0,"Level1_ID14_X":360,"Level1_ID14_Y":-88.00000000000011,"Level1_ID14_Width":8,"Level1_ID14_Height":72,"Level1_ID14_Angle":0,"Level1_ID15_X":400,"Level1_ID15_Y":-1.1368683772161603e-13,"Level1_ID15_Width":8,"Level1_ID15_Height":80,"Level1_ID15_Angle":0,"Level1_ID16_X":328,"Level1_ID16_Y":-168,"Level1_ID16_Width":8,"Level1_ID16_Height":72,"Level1_ID16_Angle":0,"Level1_ID17_X":9.816467285156364,"Level1_ID17_Y":-322.43255615234375,"Level1_ID17_Width":8,"Level1_ID17_Height":111.2523956298828,"Level1_ID17_Angle":45.00000125223908,"Level1_ID18_X":505.66259765625,"Level1_ID18_Y":-338.0987548828125,"Level1_ID18_Width":8,"Level1_ID18_Height":88.28475952148438,"Level1_ID18_Angle":45.00000125223908,"Level1_ID19_X":88.64141845703125,"Level1_ID19_Y":-400.5089111328125,"Level1_ID19_Width":8,"Level1_ID19_Height":88.5694580078125,"Level1_ID19_Angle":134.57975246237015,"Level1_ID20_X":567.65478515625,"Level1_ID20_Y":-399.97064208984375,"Level1_ID20_Width":8,"Level1_ID20_Height":111.2523956298828,"Level1_ID20_Angle":134.57975246237015,"Level1_ID21_X":332.211669921875,"Level1_ID21_Y":-464.6717834472656,"Level1_ID21_Width":8,"Level1_ID21_Height":233.5728607177734,"Level1_ID21_Angle":243.3654357704362,"Level1_ID22_X":328.10302734375,"Level1_ID22_Y":-471.573486328125,"Level1_ID22_Width":8,"Level1_ID22_Height":231.49951171875,"Level1_ID22_Angle":116.52869629742861,"Level1_ID23_X":510.44775390625,"Level1_ID23_Y":-432.2083740234375,"Level1_ID23_Width":8,"Level1_ID23_Height":172.9363403320313,"Level1_ID23_Angle":104.17624454194723,"Level1_ID24_X":464,"Level1_ID24_Y":-216,"Level1_ID24_Width":8,"Level1_ID24_Height":16,"Level1_ID24_Angle":0,"Level1_ID25_X":352,"Level1_ID25_Y":-216,"Level1_ID25_Width":8,"Level1_ID25_Height":16,"Level1_ID25_Angle":0,"Level1_ID26_X":432,"Level1_ID26_Y":-55.999999999999886,"Level1_ID26_Width":8,"Level1_ID26_Height":16,"Level1_ID26_Angle":0}}