{"c2dictionary":true,"data":{"Level1_ID0_X":24,"Level1_ID0_Y":-80,"Level1_ID0_Width":8,"Level1_ID0_Height":176,"Level1_ID0_Angle":90.00000250447819,"Level1_ObjCount":16,"Level1_ID1_X":64,"Level1_ID1_Y":-160,"Level1_ID1_Width":8,"Level1_ID1_Height":224,"Level1_ID1_Angle":90.00000250447819,"Level1_ID2_X":232,"Level1_ID2_Y":-80,"Level1_ID2_Width":8,"Level1_ID2_Height":40,"Level1_ID2_Angle":90.00000250447819,"Level1_ID3_X":304,"Level1_ID3_Y":-80,"Level1_ID3_Width":8,"Level1_ID3_Height":40,"Level1_ID3_Angle":90.00000250447819,"Level1_ID4_X":24,"Level1_ID4_Y":-159.9999999999999,"Level1_ID4_Width":8,"Level1_ID4_Height":8,"Level1_ID4_Angle":90.00000250447819,"Level1_ID5_X":16,"Level1_ID5_Y":-56,"Level1_ID5_Width":8,"Level1_ID5_Height":172,"Level1_ID5_Angle":0,"Level1_ID6_X":344,"Level1_ID6_Y":-56,"Level1_ID6_Width":8,"Level1_ID6_Height":172,"Level1_ID6_Angle":0,"Level1_ID7_X":264,"Level1_ID7_Y":-80.00000000000011,"Level1_ID7_Width":8,"Level1_ID7_Height":72,"Level1_ID7_Angle":0,"Level1_ID8_X":240,"Level1_ID8_Y":0,"Level1_ID8_Width":8,"Level1_ID8_Height":72,"Level1_ID8_Angle":0,"Level1_ID9_X":144.0000000000001,"Level1_ID9_Y":-136,"Level1_ID9_Width":8,"Level1_ID9_Height":16,"Level1_ID9_Angle":0,"Level1_ID10_X":9.25921630859375,"Level1_ID10_Y":-230.01373291015625,"Level1_ID10_Width":8,"Level1_ID10_Height":71.22201538085938,"Level1_ID10_Angle":75.43588768442245,"Level1_ID11_X":72,"Level1_ID11_Y":-244,"Level1_ID11_Width":8,"Level1_ID11_Height":16,"Level1_ID11_Angle":0,"Level1_ID12_X":288,"Level1_ID12_Y":-244,"Level1_ID12_Width":8,"Level1_ID12_Height":16,"Level1_ID12_Angle":0,"Level1_ID13_X":64.89544677734375,"Level1_ID13_Y":-258.00390625,"Level1_ID13_Width":8,"Level1_ID13_Height":122.7093811035156,"Level1_ID13_Angle":75.43588768442245,"Level1_ID14_X":183.29162597656295,"Level1_ID14_Y":-288.7115478515626,"Level1_ID14_Width":8,"Level1_ID14_Height":123.8756256103516,"Level1_ID14_Angle":104.66012246350763,"Level1_ID15_X":289.5052490234382,"Level1_ID15_Y":-248.19384765625,"Level1_ID15_Width":8,"Level1_ID15_Height":71.85248565673828,"Level1_ID15_Angle":104.66012246350763}}