{"c2dictionary":true,"data":{"Level1_ID0_X":24,"Level1_ID0_Y":-79.99999999999989,"Level1_ID0_Width":8,"Level1_ID0_Height":200,"Level1_ID0_Angle":90.00000250447819,"Level1_ObjCount":27,"Level1_ID1_X":255.99999999999977,"Level1_ID1_Y":-80.00000000000011,"Level1_ID1_Width":8,"Level1_ID1_Height":184,"Level1_ID1_Angle":90.00000250447819,"Level1_ID2_X":24,"Level1_ID2_Y":-160,"Level1_ID2_Width":8,"Level1_ID2_Height":368,"Level1_ID2_Angle":90.00000250447819,"Level1_ID3_X":24.000000000000114,"Level1_ID3_Y":-240,"Level1_ID3_Width":8,"Level1_ID3_Height":64,"Level1_ID3_Angle":90.00000250447819,"Level1_ID4_X":72,"Level1_ID4_Y":-304,"Level1_ID4_Width":8,"Level1_ID4_Height":216,"Level1_ID4_Angle":90.00000250447819,"Level1_ID5_X":119.99999999999977,"Level1_ID5_Y":-240,"Level1_ID5_Width":8,"Level1_ID5_Height":320,"Level1_ID5_Angle":90.00000250447819,"Level1_ID6_X":8.000000000000227,"Level1_ID6_Y":-368,"Level1_ID6_Width":8,"Level1_ID6_Height":208,"Level1_ID6_Angle":90.00000250447819,"Level1_ID7_X":248,"Level1_ID7_Y":-368,"Level1_ID7_Width":8,"Level1_ID7_Height":208,"Level1_ID7_Angle":90.00000250447819,"Level1_ID8_X":248,"Level1_ID8_Y":-432,"Level1_ID8_Width":8,"Level1_ID8_Height":64,"Level1_ID8_Angle":90.00000250447819,"Level1_ID9_X":152,"Level1_ID9_Y":-432,"Level1_ID9_Width":8,"Level1_ID9_Height":64,"Level1_ID9_Angle":90.00000250447819,"Level1_ID10_X":320,"Level1_ID10_Y":-304,"Level1_ID10_Width":8,"Level1_ID10_Height":72,"Level1_ID10_Angle":90.00000250447819,"Level1_ID11_X":424,"Level1_ID11_Y":-159.9999999999999,"Level1_ID11_Width":8,"Level1_ID11_Height":16,"Level1_ID11_Angle":90.00000250447819,"Level1_ID12_X":15.999999999999886,"Level1_ID12_Y":-56,"Level1_ID12_Width":8,"Level1_ID12_Height":304,"Level1_ID12_Angle":0,"Level1_ID13_X":440,"Level1_ID13_Y":0,"Level1_ID13_Width":8,"Level1_ID13_Height":360,"Level1_ID13_Angle":0,"Level1_ID14_X":448,"Level1_ID14_Y":-368,"Level1_ID14_Width":8,"Level1_ID14_Height":24,"Level1_ID14_Angle":0,"Level1_ID15_X":7.999999999999886,"Level1_ID15_Y":-368,"Level1_ID15_Width":8,"Level1_ID15_Height":24,"Level1_ID15_Angle":0,"Level1_ID16_X":296,"Level1_ID16_Y":-55.999999999999886,"Level1_ID16_Width":8,"Level1_ID16_Height":16,"Level1_ID16_Angle":0,"Level1_ID17_X":312,"Level1_ID17_Y":-136,"Level1_ID17_Width":8,"Level1_ID17_Height":16,"Level1_ID17_Angle":0,"Level1_ID18_X":160.0000000000001,"Level1_ID18_Y":-136,"Level1_ID18_Width":8,"Level1_ID18_Height":16,"Level1_ID18_Angle":0,"Level1_ID19_X":72,"Level1_ID19_Y":-240,"Level1_ID19_Width":8,"Level1_ID19_Height":56,"Level1_ID19_Angle":0,"Level1_ID20_X":136,"Level1_ID20_Y":-304,"Level1_ID20_Width":8,"Level1_ID20_Height":56,"Level1_ID20_Angle":0,"Level1_ID21_X":320,"Level1_ID21_Y":-304,"Level1_ID21_Width":8,"Level1_ID21_Height":56,"Level1_ID21_Angle":0,"Level1_ID22_X":384,"Level1_ID22_Y":-240,"Level1_ID22_Width":8,"Level1_ID22_Height":56,"Level1_ID22_Angle":0,"Level1_ID23_X":144,"Level1_ID23_Y":-424,"Level1_ID23_Width":8,"Level1_ID23_Height":64,"Level1_ID23_Angle":0,"Level1_ID24_X":312,"Level1_ID24_Y":-424,"Level1_ID24_Width":8,"Level1_ID24_Height":64,"Level1_ID24_Angle":0,"Level1_ID25_X":137.6451416015625,"Level1_ID25_Y":-481.9705810546875,"Level1_ID25_Width":8,"Level1_ID25_Height":133.9613037109375,"Level1_ID25_Angle":44.9508887770121,"Level1_ID26_X":233.29650878906295,"Level1_ID26_Y":-575.3466186523436,"Level1_ID26_Width":8,"Level1_ID26_Height":131.2298278808594,"Level1_ID26_Angle":135.00000034162267}}