{"c2dictionary":true,"data":{"Level1_ID0_X":207.99999999999994,"Level1_ID0_Y":-100,"Level1_ID0_Width":8,"Level1_ID0_Height":128,"Level1_ID0_Angle":269.9999974955218,"Level1_ObjCount":5,"Level1_ID1_X":16,"Level1_ID1_Y":-55.999999999999886,"Level1_ID1_Width":8,"Level1_ID1_Height":16,"Level1_ID1_Angle":0,"Level1_ID2_X":7.999969482421875,"Level1_ID2_Y":-72,"Level1_ID2_Width":8,"Level1_ID2_Height":80,"Level1_ID2_Angle":62.346731725063435,"Level1_ID3_X":264,"Level1_ID3_Y":-55.999999999999886,"Level1_ID3_Width":8,"Level1_ID3_Height":16,"Level1_ID3_Angle":0,"Level1_ID4_X":275.595947265625,"Level1_ID4_Y":-66.24810791015636,"Level1_ID4_Width":8,"Level1_ID4_Height":80,"Level1_ID4_Angle":295.9747970977301,"Level1_ID5_X":288,"Level1_ID5_Y":-56,"Level1_ID5_Width":8,"Level1_ID5_Height":104,"Level1_ID5_Angle":0,"Level1_ID6_X":80,"Level1_ID6_Y":-140,"Level1_ID6_Width":8,"Level1_ID6_Height":68,"Level1_ID6_Angle":255.0000004932034,"Level1_ID7_X":16,"Level1_ID7_Y":-80,"Level1_ID7_Width":8,"Level1_ID7_Height":44,"Level1_ID7_Angle":0,"Level1_ID8_X":72,"Level1_ID8_Y":-140.0000000000001,"Level1_ID8_Width":8,"Level1_ID8_Height":16,"Level1_ID8_Angle":0,"Level1_ID9_X":288,"Level1_ID9_Y":-140.0000000000001,"Level1_ID9_Width":8,"Level1_ID9_Height":16,"Level1_ID9_Angle":0}}