{"c2dictionary":true,"data":{"Level1_ID0_X":24,"Level1_ID0_Y":-71.99999999999989,"Level1_ID0_Width":-8,"Level1_ID0_Height":328,"Level1_ID0_Angle":90.00000250447819,"Level1_ObjCount":23,"Level1_ID1_X":72,"Level1_ID1_Y":-159.9999999999999,"Level1_ID1_Width":8,"Level1_ID1_Height":584,"Level1_ID1_Angle":90.00000250447819,"Level1_ID2_X":495.9999999999998,"Level1_ID2_Y":-79.99999999999989,"Level1_ID2_Width":8,"Level1_ID2_Height":200,"Level1_ID2_Angle":90.00000250447819,"Level1_ID3_X":192,"Level1_ID3_Y":-240,"Level1_ID3_Width":8,"Level1_ID3_Height":168,"Level1_ID3_Angle":90.00000250447819,"Level1_ID4_X":392,"Level1_ID4_Y":-240,"Level1_ID4_Width":8,"Level1_ID4_Height":136,"Level1_ID4_Angle":90.00000250447819,"Level1_ID5_X":384,"Level1_ID5_Y":-80,"Level1_ID5_Width":8,"Level1_ID5_Height":80,"Level1_ID5_Angle":90.00000250447819,"Level1_ID6_X":24,"Level1_ID6_Y":-159.9999999999999,"Level1_ID6_Width":8,"Level1_ID6_Height":16,"Level1_ID6_Angle":90.00000250447819,"Level1_ID7_X":688,"Level1_ID7_Y":-159.9999999999999,"Level1_ID7_Width":8,"Level1_ID7_Height":8,"Level1_ID7_Angle":90.00000250447819,"Level1_ID8_X":16,"Level1_ID8_Y":-56,"Level1_ID8_Width":8,"Level1_ID8_Height":192,"Level1_ID8_Angle":0,"Level1_ID9_X":696,"Level1_ID9_Y":-56,"Level1_ID9_Width":8,"Level1_ID9_Height":192,"Level1_ID9_Angle":0,"Level1_ID10_X":224,"Level1_ID10_Y":-55.999999999999886,"Level1_ID10_Width":8,"Level1_ID10_Height":16,"Level1_ID10_Angle":0,"Level1_ID11_X":528,"Level1_ID11_Y":-216,"Level1_ID11_Width":8,"Level1_ID11_Height":117.8129272460938,"Level1_ID11_Angle":0,"Level1_ID12_X":400,"Level1_ID12_Y":-80.00000000000011,"Level1_ID12_Width":8,"Level1_ID12_Height":72,"Level1_ID12_Angle":0,"Level1_ID13_X":456,"Level1_ID13_Y":0,"Level1_ID13_Width":8,"Level1_ID13_Height":72,"Level1_ID13_Angle":0,"Level1_ID14_X":184,"Level1_ID14_Y":-216,"Level1_ID14_Width":8,"Level1_ID14_Height":135.3564453125,"Level1_ID14_Angle":0,"Level1_ID15_X":64,"Level1_ID15_Y":-296,"Level1_ID15_Width":8,"Level1_ID15_Height":80,"Level1_ID15_Angle":90.00000250447819,"Level1_ID16_X":576,"Level1_ID16_Y":-296,"Level1_ID16_Width":8,"Level1_ID16_Height":80,"Level1_ID16_Angle":90.00000250447819,"Level1_ID17_X":9.577514648437386,"Level1_ID17_Y":-242.05487060546875,"Level1_ID17_Width":8,"Level1_ID17_Height":75.83720397949219,"Level1_ID17_Angle":45.00000125223908,"Level1_ID18_X":144.4007568359375,"Level1_ID18_Y":-295.5244140625,"Level1_ID18_Width":8,"Level1_ID18_Height":75.83720397949219,"Level1_ID18_Angle":135.00000034162267,"Level1_ID19_X":521.561157226563,"Level1_ID19_Y":-242.20751953125,"Level1_ID19_Width":8,"Level1_ID19_Height":75.83720397949219,"Level1_ID19_Angle":45.00000125223908,"Level1_ID20_X":656.3843994140627,"Level1_ID20_Y":-295.67706298828125,"Level1_ID20_Width":8,"Level1_ID20_Height":75.83720397949219,"Level1_ID20_Angle":135.00000034162267,"Level1_ID21_X":520,"Level1_ID21_Y":-240,"Level1_ID21_Width":8,"Level1_ID21_Height":96,"Level1_ID21_Angle":0,"Level1_ID22_X":192,"Level1_ID22_Y":-240,"Level1_ID22_Width":8,"Level1_ID22_Height":96,"Level1_ID22_Angle":0,"Level1_ID23_X":424.31823730468795,"Level1_ID23_Y":-376.06646728515625,"Level1_ID23_Width":8,"Level1_ID23_Height":89.92703247070312,"Level1_ID23_Angle":135.00000034162267}}