{"c2dictionary":true,"data":{"Level1_ID0_X":24,"Level1_ID0_Y":-80,"Level1_ID0_Width":8,"Level1_ID0_Height":560,"Level1_ID0_Angle":90.00000250447819,"Level1_ObjCount":33,"Level1_ID1_X":56.00000000000023,"Level1_ID1_Y":-160,"Level1_ID1_Width":8,"Level1_ID1_Height":728,"Level1_ID1_Angle":90.00000250447819,"Level1_ID2_X":24,"Level1_ID2_Y":-240,"Level1_ID2_Width":8,"Level1_ID2_Height":128,"Level1_ID2_Angle":90.00000250447819,"Level1_ID3_X":56,"Level1_ID3_Y":-320,"Level1_ID3_Width":8,"Level1_ID3_Height":352,"Level1_ID3_Angle":90.00000250447819,"Level1_ID4_X":56.000000000000114,"Level1_ID4_Y":-400,"Level1_ID4_Width":8,"Level1_ID4_Height":128,"Level1_ID4_Angle":90.00000250447819,"Level1_ID5_X":679.9999999999998,"Level1_ID5_Y":-80.00000000000011,"Level1_ID5_Width":8,"Level1_ID5_Height":144,"Level1_ID5_Angle":90.00000250447819,"Level1_ID6_X":616,"Level1_ID6_Y":-79.99999999999977,"Level1_ID6_Width":8,"Level1_ID6_Height":32,"Level1_ID6_Angle":90.00000250447819,"Level1_ID7_X":816,"Level1_ID7_Y":-159.9999999999999,"Level1_ID7_Width":8,"Level1_ID7_Height":8,"Level1_ID7_Angle":90.00000250447819,"Level1_ID8_X":344,"Level1_ID8_Y":-400,"Level1_ID8_Width":8,"Level1_ID8_Height":64,"Level1_ID8_Angle":90.00000250447819,"Level1_ID9_X":440,"Level1_ID9_Y":-400,"Level1_ID9_Width":8,"Level1_ID9_Height":64,"Level1_ID9_Angle":90.00000250447819,"Level1_ID10_X":439.9999999999998,"Level1_ID10_Y":-320,"Level1_ID10_Width":8,"Level1_ID10_Height":344,"Level1_ID10_Angle":90.00000250447819,"Level1_ID11_X":440,"Level1_ID11_Y":-240,"Level1_ID11_Width":8,"Level1_ID11_Height":64,"Level1_ID11_Angle":90.00000250447819,"Level1_ID12_X":344,"Level1_ID12_Y":-240,"Level1_ID12_Width":8,"Level1_ID12_Height":64,"Level1_ID12_Angle":90.00000250447819,"Level1_ID13_X":728,"Level1_ID13_Y":-240,"Level1_ID13_Width":8,"Level1_ID13_Height":96,"Level1_ID13_Angle":90.00000250447819,"Level1_ID14_X":16,"Level1_ID14_Y":-56,"Level1_ID14_Width":8,"Level1_ID14_Height":416,"Level1_ID14_Angle":0,"Level1_ID15_X":824,"Level1_ID15_Y":-56,"Level1_ID15_Width":8,"Level1_ID15_Height":416,"Level1_ID15_Angle":0,"Level1_ID16_X":656,"Level1_ID16_Y":-160,"Level1_ID16_Width":8,"Level1_ID16_Height":152,"Level1_ID16_Angle":0,"Level1_ID17_X":656,"Level1_ID17_Y":-376,"Level1_ID17_Width":8,"Level1_ID17_Height":96,"Level1_ID17_Angle":0,"Level1_ID18_X":504,"Level1_ID18_Y":-376,"Level1_ID18_Width":8,"Level1_ID18_Height":96,"Level1_ID18_Angle":0,"Level1_ID19_X":336,"Level1_ID19_Y":-376,"Level1_ID19_Width":8,"Level1_ID19_Height":96,"Level1_ID19_Angle":0,"Level1_ID20_X":336,"Level1_ID20_Y":-160,"Level1_ID20_Width":8,"Level1_ID20_Height":152,"Level1_ID20_Angle":0,"Level1_ID21_X":504,"Level1_ID21_Y":-160,"Level1_ID21_Width":8,"Level1_ID21_Height":152,"Level1_ID21_Angle":0,"Level1_ID22_X":184,"Level1_ID22_Y":-160,"Level1_ID22_Width":8,"Level1_ID22_Height":152,"Level1_ID22_Angle":0,"Level1_ID23_X":184,"Level1_ID23_Y":-376,"Level1_ID23_Width":8,"Level1_ID23_Height":96,"Level1_ID23_Angle":0,"Level1_ID24_X":632,"Level1_ID24_Y":0,"Level1_ID24_Width":8,"Level1_ID24_Height":152,"Level1_ID24_Angle":0,"Level1_ID25_X":480,"Level1_ID25_Y":-55.999999999999886,"Level1_ID25_Width":8,"Level1_ID25_Height":16,"Level1_ID25_Angle":0,"Level1_ID26_X":256.0000000000001,"Level1_ID26_Y":-55.999999999999886,"Level1_ID26_Width":8,"Level1_ID26_Height":16,"Level1_ID26_Angle":0,"Level1_ID27_X":1.2108154296877274,"Level1_ID27_Y":-458.24029541015625,"Level1_ID27_Width":8,"Level1_ID27_Height":144.4008483886719,"Level1_ID27_Angle":45.00000125223908,"Level1_ID28_X":103.927734375,"Level1_ID28_Y":-561.0985107421875,"Level1_ID28_Width":8,"Level1_ID28_Height":144.4008483886719,"Level1_ID28_Angle":135.00000034162267,"Level1_ID29_X":321.18151855468795,"Level1_ID29_Y":-458.0406188964844,"Level1_ID29_Width":8,"Level1_ID29_Height":144.4008483886719,"Level1_ID29_Angle":45.00000125223908,"Level1_ID30_X":423.89831542968795,"Level1_ID30_Y":-560.8988342285155,"Level1_ID30_Width":8,"Level1_ID30_Height":144.4008483886719,"Level1_ID30_Angle":135.00000034162267,"Level1_ID31_X":641.102172851563,"Level1_ID31_Y":-457.89462280273443,"Level1_ID31_Width":8,"Level1_ID31_Height":144.4008483886719,"Level1_ID31_Angle":45.00000125223908,"Level1_ID32_X":743.818969726563,"Level1_ID32_Y":-560.7528381347655,"Level1_ID32_Width":8,"Level1_ID32_Height":144.4008483886719,"Level1_ID32_Angle":135.00000034162267}}